id,name,artist,raw_json
2860c4d9-e78a-4272-b412-70bcc5f65fea,Wicked Game,Chris Isaak,"{""id"": ""2860c4d9-e78a-4272-b412-70bcc5f65fea"", ""score"": 100, ""artist-credit-id"": ""566efeaa-79d3-3900-981c-9a2cf5735d64"", ""title"": ""Wicked Game"", ""length"": 302000, ""video"": null, ""artist-credit"": [{""name"": ""Chris Isaak"", ""artist"": {""id"": ""479497d4-e7c2-4e78-972e-56e78fac3995"", ""name"": ""Chris Isaak"", ""sort-name"": ""Isaak, Chris"", ""aliases"": [{""sort-name"": ""\u30af\u30ea\u30b9\u30fb\u30a2\u30a4\u30b6\u30c3\u30af"", ""type-id"": ""894afba6-2816-3c24-8072-eadb66bd04bc"", ""name"": ""\u30af\u30ea\u30b9\u30fb\u30a2\u30a4\u30b6\u30c3\u30af"", ""locale"": ""ja"", ""type"": ""Artist name"", ""primary"": true, ""begin-date"": null, ""end-date"": null}, {""sort-name"": ""Isaak, Christopher Joseph"", ""type-id"": ""d4dcd0c0-b341-3612-a332-c0ce797b25cf"", ""name"": ""Christopher Joseph Isaak"", ""locale"": null, ""type"": ""Legal name"", ""primary"": null, ""begin-date"": null, ""end-date"": null}, {""sort-name"": ""Chris Issak"", ""name"": ""Chris Issak"", ""locale"": null, ""type"": null, ""primary"": null, ""begin-date"": null, ""end-date"": null}, {""sort-name"": ""Chris Isaac"", ""name"": ""Chris Isaac"", ""locale"": null, ""type"": null, ""primary"": null, ""begin-date"": null, ""end-date"": null}]}}], ""first-release-date"": ""2008"", ""releases"": [{""id"": ""16028c28-019c-4447-90b4-c653d362b61d"", ""status-id"": ""4e304316-386d-3409-af2e-78857eec5cfe"", ""artist-credit-id"": ""566efeaa-79d3-3900-981c-9a2cf5735d64"", ""count"": 1, ""title"": ""Live in Australia"", ""status"": ""Official"", ""artist-credit"": [{""name"": ""Chris Isaak"", ""artist"": {""id"": ""479497d4-e7c2-4e78-972e-56e78fac3995"", ""name"": ""Chris Isaak"", ""sort-name"": ""Isaak, Chris""}}], ""release-group"": {""id"": ""98bf7ffb-3456-3897-b565-9cfea938657d"", ""type-id"": ""6fd474e2-6b58-3102-9d17-d6f7eb7da0a0"", ""primary-type-id"": ""f529b476-6e62-324f-b0aa-1f3e33d313fc"", ""title"": ""Live in Australia"", ""primary-type"": ""Album"", ""secondary-types"": [""Live""], ""secondary-type-ids"": [""6fd474e2-6b58-3102-9d17-d6f7eb7da0a0""]}, ""date"": ""2008"", ""country"": ""AU"", ""release-events"": [{""date"": ""2008"", ""area"": {""id"": ""106e0bec-b638-3b37-b731-f53d507dc00e"", ""name"": ""Australia"", ""sort-name"": ""Australia"", ""iso-3166-1-codes"": [""AU""]}}], ""track-count"": 21, ""media"": [{""id"": ""1be9a04d-cdb2-32b3-bde8-a534edd4d7c5"", ""position"": 1, ""format"": ""Digital Media"", ""track"": [{""id"": ""62ab8026-e18c-37cf-a84a-997bab5891a3"", ""number"": ""6"", ""title"": ""Wicked Game"", ""length"": 302000}], ""track-count"": 21, ""track-offset"": 5}]}, {""id"": ""50bb5ed2-83c3-4530-aace-35223e8ba6ca"", ""status-id"": ""4e304316-386d-3409-af2e-78857eec5cfe"", ""artist-credit-id"": ""566efeaa-79d3-3900-981c-9a2cf5735d64"", ""count"": 1, ""title"": ""Live in Australia"", ""status"": ""Official"", ""artist-credit"": [{""name"": ""Chris Isaak"", ""artist"": {""id"": ""479497d4-e7c2-4e78-972e-56e78fac3995"", ""name"": ""Chris Isaak"", ""sort-name"": ""Isaak, Chris""}}], ""release-group"": {""id"": ""98bf7ffb-3456-3897-b565-9cfea938657d"", ""type-id"": ""6fd474e2-6b58-3102-9d17-d6f7eb7da0a0"", ""primary-type-id"": ""f529b476-6e62-324f-b0aa-1f3e33d313fc"", ""title"": ""Live in Australia"", ""primary-type"": ""Album"", ""secondary-types"": [""Live""], ""secondary-type-ids"": [""6fd474e2-6b58-3102-9d17-d6f7eb7da0a0""]}, ""date"": ""2008"", ""country"": ""AU"", ""release-events"": [{""date"": ""2008"", ""area"": {""id"": ""106e0bec-b638-3b37-b731-f53d507dc00e"", ""name"": ""Australia"", ""sort-name"": ""Australia"", ""iso-3166-1-codes"": [""AU""]}}], ""track-count"": 20, ""media"": [{""id"": ""6599b0d7-8822-39ed-a09f-b5863ee70808"", ""position"": 1, ""format"": ""CD"", ""track"": [{""id"": ""8975c141-eef6-4c6c-a2f6-b6270ef01e9d"", ""number"": ""6"", ""title"": ""Wicked Game"", ""length"": 302693}], ""track-count"": 20, ""track-offset"": 5}]}]}"
105bcad7-dedb-4878-b4ec-b528d21c69dc,Wicked Game,Chris Isaak,"{""id"": ""105bcad7-dedb-4878-b4ec-b528d21c69dc"", ""score"": 100, ""artist-credit-id"": ""566efeaa-79d3-3900-981c-9a2cf5735d64"", ""title"": ""Wicked Game"", ""length"": 289066, ""video"": null, ""artist-credit"": [{""name"": ""Chris Isaak"", ""artist"": {""id"": ""479497d4-e7c2-4e78-972e-56e78fac3995"", ""name"": ""Chris Isaak"", ""sort-name"": ""Isaak, Chris"", ""aliases"": [{""sort-name"": ""\u30af\u30ea\u30b9\u30fb\u30a2\u30a4\u30b6\u30c3\u30af"", ""type-id"": ""894afba6-2816-3c24-8072-eadb66bd04bc"", ""name"": ""\u30af\u30ea\u30b9\u30fb\u30a2\u30a4\u30b6\u30c3\u30af"", ""locale"": ""ja"", ""type"": ""Artist name"", ""primary"": true, ""begin-date"": null, ""end-date"": null}, {""sort-name"": ""Isaak, Christopher Joseph"", ""type-id"": ""d4dcd0c0-b341-3612-a332-c0ce797b25cf"", ""name"": ""Christopher Joseph Isaak"", ""locale"": null, ""type"": ""Legal name"", ""primary"": null, ""begin-date"": null, ""end-date"": null}, {""sort-name"": ""Chris Issak"", ""name"": ""Chris Issak"", ""locale"": null, ""type"": null, ""primary"": null, ""begin-date"": null, ""end-date"": null}, {""sort-name"": ""Chris Isaac"", ""name"": ""Chris Isaac"", ""locale"": null, ""type"": null, ""primary"": null, ""begin-date"": null, ""end-date"": null}]}}], ""first-release-date"": ""2023-07-05"", ""releases"": [{""id"": ""81c3cc4b-f3a5-49e6-b1be-5f01c2b05edc"", ""status-id"": ""4e304316-386d-3409-af2e-78857eec5cfe"", ""artist-credit-id"": ""949a7fd5-fe73-3e8f-922e-01ff4ca958f7"", ""count"": 1, ""title"": ""1990 Best Of by uDiscover"", ""status"": ""Official"", ""artist-credit"": [{""name"": ""Various Artists"", ""artist"": {""id"": ""89ad4ac3-39f7-470e-963a-56509c546377"", ""name"": ""Various Artists"", ""sort-name"": ""Various Artists"", ""disambiguation"": ""add compilations to this artist""}}], ""release-group"": {""id"": ""13209c4b-2fe8-4912-a0fd-1b4dfb8d9d86"", ""type-id"": ""dd2a21e1-0c00-3729-a7a0-de60b84eb5d1"", ""primary-type-id"": ""f529b476-6e62-324f-b0aa-1f3e33d313fc"", ""title"": ""1990 Best Of by uDiscover"", ""primary-type"": ""Album"", ""secondary-types"": [""Compilation""], ""secondary-type-ids"": [""dd2a21e1-0c00-3729-a7a0-de60b84eb5d1""]}, ""track-count"": 64, ""media"": [{""id"": ""d8368cd5-57b0-4fca-bcfd-92dc91e1a750"", ""position"": 1, ""format"": ""Digital Media"", ""track"": [{""id"": ""4a1f8196-d834-4252-98e2-c781166d3e37"", ""number"": ""1"", ""title"": ""Wicked Game"", ""length"": 289066}], ""track-count"": 64, ""track-offset"": 0}]}], ""isrcs"": [""USRE19900989""]}"
ab053057-7fbb-4d9b-ab10-acc249d4be1c,Wicked Game,Chris Isaak,"{""id"": ""ab053057-7fbb-4d9b-ab10-acc249d4be1c"", ""score"": 100, ""artist-credit-id"": ""566efeaa-79d3-3900-981c-9a2cf5735d64"", ""title"": ""Wicked Game"", ""length"": 206897, ""video"": null, ""artist-credit"": [{""name"": ""Chris Isaak"", ""artist"": {""id"": ""479497d4-e7c2-4e78-972e-56e78fac3995"", ""name"": ""Chris Isaak"", ""sort-name"": ""Isaak, Chris"", ""aliases"": [{""sort-name"": ""\u30af\u30ea\u30b9\u30fb\u30a2\u30a4\u30b6\u30c3\u30af"", ""type-id"": ""894afba6-2816-3c24-8072-eadb66bd04bc"", ""name"": ""\u30af\u30ea\u30b9\u30fb\u30a2\u30a4\u30b6\u30c3\u30af"", ""locale"": ""ja"", ""type"": ""Artist name"", ""primary"": true, ""begin-date"": null, ""end-date"": null}, {""sort-name"": ""Isaak, Christopher Joseph"", ""type-id"": ""d4dcd0c0-b341-3612-a332-c0ce797b25cf"", ""name"": ""Christopher Joseph Isaak"", ""locale"": null, ""type"": ""Legal name"", ""primary"": null, ""begin-date"": null, ""end-date"": null}, {""sort-name"": ""Chris Issak"", ""name"": ""Chris Issak"", ""locale"": null, ""type"": null, ""primary"": null, ""begin-date"": null, ""end-date"": null}, {""sort-name"": ""Chris Isaac"", ""name"": ""Chris Isaac"", ""locale"": null, ""type"": null, ""primary"": null, ""begin-date"": null, ""end-date"": null}]}}], ""first-release-date"": ""2016-05-05"", ""releases"": [{""id"": ""60ad5a71-6141-4745-9aa3-e7f8b19f3e97"", ""status-id"": ""4e304316-386d-3409-af2e-78857eec5cfe"", ""artist-credit-id"": ""949a7fd5-fe73-3e8f-922e-01ff4ca958f7"", ""count"": 1, ""title"": ""Vol 4"", ""status"": ""Official"", ""artist-credit"": [{""name"": ""Various Artists"", ""artist"": {""id"": ""89ad4ac3-39f7-470e-963a-56509c546377"", ""name"": ""Various Artists"", ""sort-name"": ""Various Artists"", ""disambiguation"": ""add compilations to this artist""}}], ""release-group"": {""id"": ""8a648573-15f2-4c2a-b647-bf3a5ed3ceba"", ""type-id"": ""dd2a21e1-0c00-3729-a7a0-de60b84eb5d1"", ""primary-type-id"": ""f529b476-6e62-324f-b0aa-1f3e33d313fc"", ""title"": ""Vol 4"", ""primary-type"": ""Album"", ""secondary-types"": [""Compilation""], ""secondary-type-ids"": [""dd2a21e1-0c00-3729-a7a0-de60b84eb5d1""]}, ""date"": ""2016-05-05"", ""country"": ""XW"", ""release-events"": [{""date"": ""2016-05-05"", ""area"": {""id"": ""525d4e18-3d00-31b9-a58b-a146a916de8f"", ""name"": ""[Worldwide]"", ""sort-name"": ""[Worldwide]"", ""iso-3166-1-codes"": [""XW""]}}], ""track-count"": 9, ""media"": [{""id"": ""e7f24ea3-5f41-3732-8a7b-97feec942a11"", ""position"": 1, ""format"": ""Digital Media"", ""track"": [{""id"": ""6ad29bda-1601-4da5-a187-2dde1da88901"", ""number"": ""8"", ""title"": ""Wicked Game"", ""length"": 206897}], ""track-count"": 9, ""track-offset"": 7}]}]}"
cdf56c70-4630-4594-835c-2bd784d2220b,Wicked Game,Chris Isaak,"{""id"": ""cdf56c70-4630-4594-835c-2bd784d2220b"", ""score"": 100, ""artist-credit-id"": ""566efeaa-79d3-3900-981c-9a2cf5735d64"", ""title"": ""Wicked Game"", ""length"": 284627, ""disambiguation"": ""live, 2008-10: The Fillmore, San Francisco, CA, USA"", ""video"": null, ""artist-credit"": [{""name"": ""Chris Isaak"", ""artist"": {""id"": ""479497d4-e7c2-4e78-972e-56e78fac3995"", ""name"": ""Chris Isaak"", ""sort-name"": ""Isaak, Chris"", ""aliases"": [{""sort-name"": ""\u30af\u30ea\u30b9\u30fb\u30a2\u30a4\u30b6\u30c3\u30af"", ""type-id"": ""894afba6-2816-3c24-8072-eadb66bd04bc"", ""name"": ""\u30af\u30ea\u30b9\u30fb\u30a2\u30a4\u30b6\u30c3\u30af"", ""locale"": ""ja"", ""type"": ""Artist name"", ""primary"": true, ""begin-date"": null, ""end-date"": null}, {""sort-name"": ""Isaak, Christopher Joseph"", ""type-id"": ""d4dcd0c0-b341-3612-a332-c0ce797b25cf"", ""name"": ""Christopher Joseph Isaak"", ""locale"": null, ""type"": ""Legal name"", ""primary"": null, ""begin-date"": null, ""end-date"": null}, {""sort-name"": ""Chris Issak"", ""name"": ""Chris Issak"", ""locale"": null, ""type"": null, ""primary"": null, ""begin-date"": null, ""end-date"": null}, {""sort-name"": ""Chris Isaac"", ""name"": ""Chris Isaac"", ""locale"": null, ""type"": null, ""primary"": null, ""begin-date"": null, ""end-date"": null}]}}], ""first-release-date"": ""2010"", ""releases"": [{""id"": ""f90ccf55-c621-4dc7-8401-d84711f2576d"", ""status-id"": ""4e304316-386d-3409-af2e-78857eec5cfe"", ""artist-credit-id"": ""566efeaa-79d3-3900-981c-9a2cf5735d64"", ""count"": 1, ""title"": ""Live at the Fillmore"", ""status"": ""Official"", ""artist-credit"": [{""name"": ""Chris Isaak"", ""artist"": {""id"": ""479497d4-e7c2-4e78-972e-56e78fac3995"", ""name"": ""Chris Isaak"", ""sort-name"": ""Isaak, Chris""}}], ""release-group"": {""id"": ""c836fd43-f8a5-4055-9647-113cdcb857ea"", ""type-id"": ""6fd474e2-6b58-3102-9d17-d6f7eb7da0a0"", ""primary-type-id"": ""f529b476-6e62-324f-b0aa-1f3e33d313fc"", ""title"": ""Live at the Fillmore"", ""primary-type"": ""Album"", ""secondary-types"": [""Live""], ""secondary-type-ids"": [""6fd474e2-6b58-3102-9d17-d6f7eb7da0a0""]}, ""date"": ""2021-06-04"", ""country"": ""XW"", ""release-events"": [{""date"": ""2021-06-04"", ""area"": {""id"": ""525d4e18-3d00-31b9-a58b-a146a916de8f"", ""name"": ""[Worldwide]"", ""sort-name"": ""[Worldwide]"", ""iso-3166-1-codes"": [""XW""]}}], ""track-count"": 17, ""media"": [{""id"": ""42aaa87b-dfe4-3481-b481-7623de095687"", ""position"": 1, ""format"": ""Digital Media"", ""track"": [{""id"": ""4e14c897-1ca2-4846-b968-8e5ced3f1c62"", ""number"": ""8"", ""title"": ""Wicked Game"", ""length"": 284627}], ""track-count"": 17, ""track-offset"": 7}]}, {""id"": ""f176436b-c2db-4873-a2bb-abee50088097"", ""status-id"": ""4e304316-386d-3409-af2e-78857eec5cfe"", ""artist-credit-id"": ""566efeaa-79d3-3900-981c-9a2cf5735d64"", ""count"": 1, ""title"": ""Live at the Fillmore"", ""status"": ""Official"", ""artist-credit"": [{""name"": ""Chris Isaak"", ""artist"": {""id"": ""479497d4-e7c2-4e78-972e-56e78fac3995"", ""name"": ""Chris Isaak"", ""sort-name"": ""Isaak, Chris""}}], ""release-group"": {""id"": ""c836fd43-f8a5-4055-9647-113cdcb857ea"", ""type-id"": ""6fd474e2-6b58-3102-9d17-d6f7eb7da0a0"", ""primary-type-id"": ""f529b476-6e62-324f-b0aa-1f3e33d313fc"", ""title"": ""Live at the Fillmore"", ""primary-type"": ""Album"", ""secondary-types"": [""Live""], ""secondary-type-ids"": [""6fd474e2-6b58-3102-9d17-d6f7eb7da0a0""]}, ""date"": ""2010"", ""country"": ""US"", ""release-events"": [{""date"": ""2010"", ""area"": {""id"": ""489ce91b-6658-3307-9877-795b68554c98"", ""name"": ""United States"", ""sort-name"": ""United States"", ""iso-3166-1-codes"": [""US""]}}], ""track-count"": 17, ""media"": [{""id"": ""db1b2c52-3047-32e8-96c2-1884449f525c"", ""position"": 1, ""format"": ""CD"", ""track"": [{""id"": ""d43fa515-b30d-34fe-9867-c115b0c15c3d"", ""number"": ""8"", ""title"": ""Wicked Game"", ""length"": 285000}], ""track-count"": 17, ""track-offset"": 7}]}]}"
3e47509b-74fa-4042-94ec-5b7be3168214,Wicked Game,Chris Isaak,"{""id"": ""3e47509b-74fa-4042-94ec-5b7be3168214"", ""score"": 100, ""artist-credit-id"": ""566efeaa-79d3-3900-981c-9a2cf5735d64"", ""title"": ""Wicked Game"", ""length"": 309733, ""video"": null, ""artist-credit"": [{""name"": ""Chris Isaak"", ""artist"": {""id"": ""479497d4-e7c2-4e78-972e-56e78fac3995"", ""name"": ""Chris Isaak"", ""sort-name"": ""Isaak, Chris"", ""aliases"": [{""sort-name"": ""\u30af\u30ea\u30b9\u30fb\u30a2\u30a4\u30b6\u30c3\u30af"", ""type-id"": ""894afba6-2816-3c24-8072-eadb66bd04bc"", ""name"": ""\u30af\u30ea\u30b9\u30fb\u30a2\u30a4\u30b6\u30c3\u30af"", ""locale"": ""ja"", ""type"": ""Artist name"", ""primary"": true, ""begin-date"": null, ""end-date"": null}, {""sort-name"": ""Isaak, Christopher Joseph"", ""type-id"": ""d4dcd0c0-b341-3612-a332-c0ce797b25cf"", ""name"": ""Christopher Joseph Isaak"", ""locale"": null, ""type"": ""Legal name"", ""primary"": null, ""begin-date"": null, ""end-date"": null}, {""sort-name"": ""Chris Issak"", ""name"": ""Chris Issak"", ""locale"": null, ""type"": null, ""primary"": null, ""begin-date"": null, ""end-date"": null}, {""sort-name"": ""Chris Isaac"", ""name"": ""Chris Isaac"", ""locale"": null, ""type"": null, ""primary"": null, ""begin-date"": null, ""end-date"": null}]}}], ""first-release-date"": ""1991"", ""releases"": [{""id"": ""eeb1c562-90fc-44ea-b661-870b2c62e760"", ""artist-credit-id"": ""566efeaa-79d3-3900-981c-9a2cf5735d64"", ""count"": 1, ""title"": ""Shakin\u2019"", ""artist-credit"": [{""name"": ""Chris Isaak"", ""artist"": {""id"": ""479497d4-e7c2-4e78-972e-56e78fac3995"", ""name"": ""Chris Isaak"", ""sort-name"": ""Isaak, Chris""}}], ""release-group"": {""id"": ""d77622f6-553c-4f51-9c0d-61566241fb4c"", ""type-id"": ""6fd474e2-6b58-3102-9d17-d6f7eb7da0a0"", ""primary-type-id"": ""f529b476-6e62-324f-b0aa-1f3e33d313fc"", ""title"": ""Shakin\u2019"", ""primary-type"": ""Album"", ""secondary-types"": [""Live""], ""secondary-type-ids"": [""6fd474e2-6b58-3102-9d17-d6f7eb7da0a0""]}, ""date"": ""1991"", ""country"": ""US"", ""release-events"": [{""date"": ""1991"", ""area"": {""id"": ""489ce91b-6658-3307-9877-795b68554c98"", ""name"": ""United States"", ""sort-name"": ""United States"", ""iso-3166-1-codes"": [""US""]}}], ""track-count"": 13, ""media"": [{""id"": ""be9063fd-033d-3eab-89f2-dee6e8b5f7b2"", ""position"": 1, ""format"": ""CD"", ""track"": [{""id"": ""98539c8d-5c40-4cd0-85b6-572743e603de"", ""number"": ""4"", ""title"": ""Wicked Game"", ""length"": 309733}], ""track-count"": 13, ""track-offset"": 3}]}]}"
671f63eb-7d9a-48ba-8fab-959c6c207756,Wicked Game,Chris Isaak,"{""id"": ""671f63eb-7d9a-48ba-8fab-959c6c207756"", ""score"": 100, ""artist-credit-id"": ""566efeaa-79d3-3900-981c-9a2cf5735d64"", ""title"": ""Wicked Game"", ""length"": 286000, ""video"": null, ""artist-credit"": [{""name"": ""Chris Isaak"", ""artist"": {""id"": ""479497d4-e7c2-4e78-972e-56e78fac3995"", ""name"": ""Chris Isaak"", ""sort-name"": ""Isaak, Chris"", ""aliases"": [{""sort-name"": ""\u30af\u30ea\u30b9\u30fb\u30a2\u30a4\u30b6\u30c3\u30af"", ""type-id"": ""894afba6-2816-3c24-8072-eadb66bd04bc"", ""name"": ""\u30af\u30ea\u30b9\u30fb\u30a2\u30a4\u30b6\u30c3\u30af"", ""locale"": ""ja"", ""type"": ""Artist name"", ""primary"": true, ""begin-date"": null, ""end-date"": null}, {""sort-name"": ""Isaak, Christopher Joseph"", ""type-id"": ""d4dcd0c0-b341-3612-a332-c0ce797b25cf"", ""name"": ""Christopher Joseph Isaak"", ""locale"": null, ""type"": ""Legal name"", ""primary"": null, ""begin-date"": null, ""end-date"": null}, {""sort-name"": ""Chris Issak"", ""name"": ""Chris Issak"", ""locale"": null, ""type"": null, ""primary"": null, ""begin-date"": null, ""end-date"": null}, {""sort-name"": ""Chris Isaac"", ""name"": ""Chris Isaac"", ""locale"": null, ""type"": null, ""primary"": null, ""begin-date"": null, ""end-date"": null}]}}], ""first-release-date"": ""1991"", ""releases"": [{""id"": ""358592ed-f257-45f7-8a2a-ad52b9d7840c"", ""status-id"": ""4e304316-386d-3409-af2e-78857eec5cfe"", ""artist-credit-id"": ""949a7fd5-fe73-3e8f-922e-01ff4ca958f7"", ""count"": 1, ""title"": ""Romantic Picnic Date"", ""status"": ""Official"", ""artist-credit"": [{""name"": ""Various Artists"", ""artist"": {""id"": ""89ad4ac3-39f7-470e-963a-56509c546377"", ""name"": ""Various Artists"", ""sort-name"": ""Various Artists"", ""disambiguation"": ""add compilations to this artist""}}], ""release-group"": {""id"": ""915f1287-6d95-4389-b79e-e6a655942f44"", ""type-id"": ""dd2a21e1-0c00-3729-a7a0-de60b84eb5d1"", ""primary-type-id"": ""f529b476-6e62-324f-b0aa-1f3e33d313fc"", ""title"": ""Romantic Picnic Date"", ""primary-type"": ""Album"", ""secondary-types"": [""Compilation""], ""secondary-type-ids"": [""dd2a21e1-0c00-3729-a7a0-de60b84eb5d1""]}, ""track-count"": 68, ""media"": [{""id"": ""7fef2464-6e09-4dc3-afdd-7314b41fbdf1"", ""position"": 1, ""format"": ""Digital Media"", ""track"": [{""id"": ""d100085e-6267-4c32-bbc2-226a53163018"", ""number"": ""67"", ""title"": ""Wicked Game"", ""length"": 289066}], ""track-count"": 68, ""track-offset"": 66}]}, {""id"": ""69f1d406-9c41-47c7-8645-89d56619d3d9"", ""artist-credit-id"": ""566efeaa-79d3-3900-981c-9a2cf5735d64"", ""count"": 1, ""title"": ""Best Of Chris Isaak"", ""artist-credit"": [{""name"": ""Chris Isaak"", ""artist"": {""id"": ""479497d4-e7c2-4e78-972e-56e78fac3995"", ""name"": ""Chris Isaak"", ""sort-name"": ""Isaak, Chris""}}], ""release-group"": {""id"": ""bee6999b-b9ce-373d-b91e-fc8e3917cb06"", ""type-id"": ""dd2a21e1-0c00-3729-a7a0-de60b84eb5d1"", ""primary-type-id"": ""f529b476-6e62-324f-b0aa-1f3e33d313fc"", ""title"": ""Best of Chris Isaak"", ""primary-type"": ""Album"", ""secondary-types"": [""Compilation""], ""secondary-type-ids"": [""dd2a21e1-0c00-3729-a7a0-de60b84eb5d1""]}, ""date"": ""2006-06-21"", ""country"": ""JP"", ""release-events"": [{""date"": ""2006-06-21"", ""area"": {""id"": ""2db42837-c832-3c27-b4a3-08198f75693c"", ""name"": ""Japan"", ""sort-name"": ""Japan"", ""iso-3166-1-codes"": [""JP""]}}], ""track-count"": 18, ""media"": [{""id"": ""4407f802-e3d4-36d6-bde9-99bbf3b2645c"", ""position"": 1, ""format"": ""CD"", ""track"": [{""id"": ""2edb29d1-28f5-4bb5-81d7-946d6f368fac"", ""number"": ""3"", ""title"": ""Wicked Game"", ""length"": 286000}], ""track-count"": 18, ""track-offset"": 2}]}, {""id"": ""744b5a57-5185-40db-8e99-fa6e1888b8dd"", ""status-id"": ""4e304316-386d-3409-af2e-78857eec5cfe"", ""artist-credit-id"": ""949a7fd5-fe73-3e8f-922e-01ff4ca958f7"", ""count"": 1, ""title"": ""80s Summer Chillout"", ""status"": ""Official"", ""artist-credit"": [{""name"": ""Various Artists"", ""artist"": {""id"": ""89ad4ac3-39f7-470e-963a-56509c546377"", ""name"": ""Various Artists"", ""sort-name"": ""Various Artists"", ""disambiguation"": ""add compilations to this artist""}}], ""release-group"": {""id"": ""b5ef1a1a-ea01-4115-b9d6-f6508df77319"", ""type-id"": ""dd2a21e1-0c00-3729-a7a0-de60b84eb5d1"", ""primary-type-id"": ""f529b476-6e62-324f-b0aa-1f3e33d313fc"", ""title"": ""80s Summer Chillout"", ""primary-type"": ""Album"", ""secondary-types"": [""Compilation""], ""secondary-type-ids"": [""dd2a21e1-0c00-3729-a7a0-de60b84eb5d1""]}, ""track-count"": 76, ""media"": [{""id"": ""ceb4fb75-a730-345c-95e2-c4ea4ea23c1d"", ""position"": 1, ""format"": ""Digital Media"", ""track"": [{""id"": ""29d5dc9b-a80d-41aa-9a9a-891850c80e5e"", ""number"": ""4"", ""title"": ""Wicked Game"", ""length"": 289066}], ""track-count"": 76, ""track-offset"": 3}]}, {""id"": ""02d15d08-bdd0-43c4-ba87-11124a3d29ed"", ""status-id"": ""4e304316-386d-3409-af2e-78857eec5cfe"", ""artist-credit-id"": ""949a7fd5-fe73-3e8f-922e-01ff4ca958f7"", ""count"": 1, ""title"": ""La Compil' Volume 6"", ""status"": ""Official"", ""artist-credit"": [{""name"": ""Various Artists"", ""artist"": {""id"": ""89ad4ac3-39f7-470e-963a-56509c546377"", ""name"": ""Various Artists"", ""sort-name"": ""Various Artists"", ""disambiguation"": ""add compilations to this artist""}}], ""release-group"": {""id"": ""a0be243d-94ad-494e-9895-f168a4916f88"", ""type-id"": ""dd2a21e1-0c00-3729-a7a0-de60b84eb5d1"", ""primary-type-id"": ""f529b476-6e62-324f-b0aa-1f3e33d313fc"", ""title"": ""La Compil' Volume 6"", ""primary-type"": ""Album"", ""secondary-types"": [""Compilation""], ""secondary-type-ids"": [""dd2a21e1-0c00-3729-a7a0-de60b84eb5d1""]}, ""date"": ""1991"", ""country"": ""FR"", ""release-events"": [{""date"": ""1991"", ""area"": {""id"": ""08310658-51eb-3801-80de-5a0739207115"", ""name"": ""France"", ""sort-name"": ""France"", ""iso-3166-1-codes"": [""FR""]}}], ""track-count"": 18, ""media"": [{""id"": ""134cf8ea-9d35-3fe7-8fce-50214b0e7c68"", ""position"": 1, ""format"": ""CD"", ""track"": [{""id"": ""517054de-813c-4db1-a889-69d1651e2b3f"", ""number"": ""15"", ""title"": ""Wicked Game"", ""length"": 284760}], ""track-count"": 18, ""track-offset"": 14}]}, {""id"": ""cf02167d-7916-49c2-b484-ed2b5642efa4"", ""artist-credit-id"": ""566efeaa-79d3-3900-981c-9a2cf5735d64"", ""count"": 1, ""title"": ""Wicked Game"", ""artist-credit"": [{""name"": ""Chris Isaak"", ""artist"": {""id"": ""479497d4-e7c2-4e78-972e-56e78fac3995"", ""name"": ""Chris Isaak"", ""sort-name"": ""Isaak, Chris""}}], ""release-group"": {""id"": ""5d6a9542-6c8c-3e61-9646-9b2798fbe655"", ""type-id"": ""dd2a21e1-0c00-3729-a7a0-de60b84eb5d1"", ""primary-type-id"": ""f529b476-6e62-324f-b0aa-1f3e33d313fc"", ""title"": ""Wicked Game"", ""primary-type"": ""Album"", ""secondary-types"": [""Compilation""], ""secondary-type-ids"": [""dd2a21e1-0c00-3729-a7a0-de60b84eb5d1""]}, ""date"": ""1991"", ""country"": ""XE"", ""release-events"": [{""date"": ""1991"", ""area"": {""id"": ""89a675c2-3e37-3518-b83c-418bad59a85a"", ""name"": ""Europe"", ""sort-name"": ""Europe"", ""iso-3166-1-codes"": [""XE""]}}], ""track-count"": 12, ""media"": [{""id"": ""3645a723-fd6b-31c7-a4de-e51bd5f49d4f"", ""position"": 1, ""format"": ""12\"" Vinyl"", ""track"": [{""id"": ""e24e2859-a7e2-4874-921f-0fef73342140"", ""number"": ""A1"", ""title"": ""Wicked Game"", ""length"": 286000}], ""track-count"": 12, ""track-offset"": 0}]}, {""id"": ""1678434f-c994-4e70-9270-bfa1b69b183c"", ""artist-credit-id"": ""949a7fd5-fe73-3e8f-922e-01ff4ca958f7"", ""count"": 2, ""title"": ""Boulevard Des Hits Volume 12"", ""artist-credit"": [{""name"": ""Various Artists"", ""artist"": {""id"": ""89ad4ac3-39f7-470e-963a-56509c546377"", ""name"": ""Various Artists"", ""sort-name"": ""Various Artists"", ""disambiguation"": ""add compilations to this artist""}}], ""release-group"": {""id"": ""a0d3bcb4-ced7-4ff5-a25e-c20c3f8618fb"", ""type-id"": ""dd2a21e1-0c00-3729-a7a0-de60b84eb5d1"", ""primary-type-id"": ""f529b476-6e62-324f-b0aa-1f3e33d313fc"", ""title"": ""Boulevard Des Hits Volume 12"", ""primary-type"": ""Album"", ""secondary-types"": [""Compilation""], ""secondary-type-ids"": [""dd2a21e1-0c00-3729-a7a0-de60b84eb5d1""]}, ""date"": ""1991"", ""country"": ""FR"", ""release-events"": [{""date"": ""1991"", ""area"": {""id"": ""08310658-51eb-3801-80de-5a0739207115"", ""name"": ""France"", ""sort-name"": ""France"", ""iso-3166-1-codes"": [""FR""]}}], ""track-count"": 22, ""media"": [{""id"": ""723ecc95-a1ef-3977-87c5-2f274e251547"", ""position"": 2, ""format"": ""12\"" Vinyl"", ""track"": [{""id"": ""1d489cc6-47c4-4bdb-8cea-c480220fd81d"", ""number"": ""D6"", ""title"": ""Wicked Game"", ""length"": 284000}], ""track-count"": 11, ""track-offset"": 10}]}, {""id"": ""ecb37faa-cc77-41b8-bc1f-382abc5db7b5"", ""status-id"": ""4e304316-386d-3409-af2e-78857eec5cfe"", ""artist-credit-id"": ""949a7fd5-fe73-3e8f-922e-01ff4ca958f7"", ""count"": 1, ""title"": ""Love Flashback 8"", ""status"": ""Official"", ""artist-credit"": [{""name"": ""Various Artists"", ""artist"": {""id"": ""89ad4ac3-39f7-470e-963a-56509c546377"", ""name"": ""Various Artists"", ""sort-name"": ""Various Artists"", ""disambiguation"": ""add compilations to this artist""}}], ""release-group"": {""id"": ""d2bdbe89-7019-42e9-926d-604431716037"", ""type-id"": ""dd2a21e1-0c00-3729-a7a0-de60b84eb5d1"", ""primary-type-id"": ""f529b476-6e62-324f-b0aa-1f3e33d313fc"", ""title"": ""Love Flashback 8"", ""primary-type"": ""Album"", ""secondary-types"": [""Compilation""], ""secondary-type-ids"": [""dd2a21e1-0c00-3729-a7a0-de60b84eb5d1""]}, ""date"": ""2001"", ""country"": ""BR"", ""release-events"": [{""date"": ""2001"", ""area"": {""id"": ""f45b47f8-5796-386e-b172-6c31b009a5d8"", ""name"": ""Brazil"", ""sort-name"": ""Brazil"", ""iso-3166-1-codes"": [""BR""]}}], ""track-count"": 17, ""media"": [{""id"": ""85d52412-8061-3efe-8fba-1d285eb3dbe4"", ""position"": 1, ""format"": ""CD"", ""track"": [{""id"": ""e4213a05-e84e-4e56-9620-47df4129606e"", ""number"": ""1"", ""title"": ""Wicked Game"", ""length"": 286000}], ""track-count"": 17, ""track-offset"": 0}]}, {""id"": ""044fbbec-4b9d-441c-b029-8fa0e1cdf36c"", ""status-id"": ""4e304316-386d-3409-af2e-78857eec5cfe"", ""artist-credit-id"": ""949a7fd5-fe73-3e8f-922e-01ff4ca958f7"", ""count"": 1, ""title"": ""Mr Music Plus: Number Four"", ""status"": ""Official"", ""disambiguation"": ""1991 number 4. 4*91"", ""artist-credit"": [{""name"": ""Various Artists"", ""artist"": {""id"": ""89ad4ac3-39f7-470e-963a-56509c546377"", ""name"": ""Various Artists"", ""sort-name"": ""Various Artists"", ""disambiguation"": ""add compilations to this artist""}}], ""release-group"": {""id"": ""fb6325e3-4d91-43dd-b77b-50718fd4f4df"", ""type-id"": ""dd2a21e1-0c00-3729-a7a0-de60b84eb5d1"", ""primary-type-id"": ""f529b476-6e62-324f-b0aa-1f3e33d313fc"", ""title"": ""Mr Music Plus: Number Four"", ""primary-type"": ""Album"", ""secondary-types"": [""Compilation""], ""secondary-type-ids"": [""dd2a21e1-0c00-3729-a7a0-de60b84eb5d1""]}, ""date"": ""1991"", ""country"": ""SE"", ""release-events"": [{""date"": ""1991"", ""area"": {""id"": ""23d10872-f5ae-3f0c-bf55-332788a16ecb"", ""name"": ""Sweden"", ""sort-name"": ""Sweden"", ""iso-3166-1-codes"": [""SE""]}}], ""track-count"": 14, ""media"": [{""id"": ""8f69c9d6-8874-3115-85a9-7be2e3a96d9f"", ""position"": 1, ""format"": ""CD"", ""track"": [{""id"": ""232db80f-1736-462d-ac89-cf5475738eae"", ""number"": ""10"", ""title"": ""Wicked Game"", ""length"": 285226}], ""track-count"": 14, ""track-offset"": 9}]}, {""id"": ""72445176-37e5-479e-ba7f-e1c5f6c16b37"", ""status-id"": ""518ffc83-5cde-34df-8627-81bff5093d92"", ""artist-credit-id"": ""949a7fd5-fe73-3e8f-922e-01ff4ca958f7"", ""count"": 60, ""title"": ""The Radio Essential Series"", ""status"": ""Promotion"", ""artist-credit"": [{""name"": ""Various Artists"", ""artist"": {""id"": ""89ad4ac3-39f7-470e-963a-56509c546377"", ""name"": ""Various Artists"", ""sort-name"": ""Various Artists"", ""disambiguation"": ""add compilations to this artist""}}], ""release-group"": {""id"": ""db3380c7-102c-482f-84dd-35b18d927cd0"", ""type-id"": ""dd2a21e1-0c00-3729-a7a0-de60b84eb5d1"", ""primary-type-id"": ""f529b476-6e62-324f-b0aa-1f3e33d313fc"", ""title"": ""The Radio Essential Series"", ""primary-type"": ""Album"", ""secondary-types"": [""Compilation""], ""secondary-type-ids"": [""dd2a21e1-0c00-3729-a7a0-de60b84eb5d1""]}, ""date"": ""2000"", ""country"": ""CA"", ""release-events"": [{""date"": ""2000"", ""area"": {""id"": ""71bbafaa-e825-3e15-8ca9-017dcad1748b"", ""name"": ""Canada"", ""sort-name"": ""Canada"", ""iso-3166-1-codes"": [""CA""]}}], ""track-count"": 1197, ""media"": [{""id"": ""90c266d8-d040-37cb-9437-cd0c6826edcb"", ""position"": 48, ""format"": ""CD"", ""track"": [{""id"": ""39ef82fb-91c2-4667-9ba6-b0902ffbaff1"", ""number"": ""5"", ""title"": ""Wicked Game"", ""length"": 287000}], ""track-count"": 17, ""track-offset"": 4}]}], ""isrcs"": [""USRE19900989""]}"
a9a13794-b311-4c39-a484-7f724d1cc5c7,Wicked Game,Chris Isaak,"{""id"": ""a9a13794-b311-4c39-a484-7f724d1cc5c7"", ""score"": 100, ""artist-credit-id"": ""566efeaa-79d3-3900-981c-9a2cf5735d64"", ""title"": ""Wicked Game"", ""length"": 288133, ""video"": null, ""artist-credit"": [{""name"": ""Chris Isaak"", ""artist"": {""id"": ""479497d4-e7c2-4e78-972e-56e78fac3995"", ""name"": ""Chris Isaak"", ""sort-name"": ""Isaak, Chris"", ""aliases"": [{""sort-name"": ""\u30af\u30ea\u30b9\u30fb\u30a2\u30a4\u30b6\u30c3\u30af"", ""type-id"": ""894afba6-2816-3c24-8072-eadb66bd04bc"", ""name"": ""\u30af\u30ea\u30b9\u30fb\u30a2\u30a4\u30b6\u30c3\u30af"", ""locale"": ""ja"", ""type"": ""Artist name"", ""primary"": true, ""begin-date"": null, ""end-date"": null}, {""sort-name"": ""Isaak, Christopher Joseph"", ""type-id"": ""d4dcd0c0-b341-3612-a332-c0ce797b25cf"", ""name"": ""Christopher Joseph Isaak"", ""locale"": null, ""type"": ""Legal name"", ""primary"": null, ""begin-date"": null, ""end-date"": null}, {""sort-name"": ""Chris Issak"", ""name"": ""Chris Issak"", ""locale"": null, ""type"": null, ""primary"": null, ""begin-date"": null, ""end-date"": null}, {""sort-name"": ""Chris Isaac"", ""name"": ""Chris Isaac"", ""locale"": null, ""type"": null, ""primary"": null, ""begin-date"": null, ""end-date"": null}]}}], ""releases"": [{""id"": ""a5b0bcd2-3d7d-4ea5-ab21-89e46b4f08e8"", ""status-id"": ""1156806e-d06a-38bd-83f0-cf2284a808b9"", ""artist-credit-id"": ""949a7fd5-fe73-3e8f-922e-01ff4ca958f7"", ""count"": 1, ""title"": ""Nostalgia 8: Falling Into You"", ""status"": ""Bootleg"", ""artist-credit"": [{""name"": ""Various Artists"", ""artist"": {""id"": ""89ad4ac3-39f7-470e-963a-56509c546377"", ""name"": ""Various Artists"", ""sort-name"": ""Various Artists"", ""disambiguation"": ""add compilations to this artist""}}], ""release-group"": {""id"": ""dea770e3-98c2-470c-a89b-235556fdda0e"", ""type-id"": ""dd2a21e1-0c00-3729-a7a0-de60b84eb5d1"", ""primary-type-id"": ""f529b476-6e62-324f-b0aa-1f3e33d313fc"", ""title"": ""Nostalgia 8: Falling Into You"", ""primary-type"": ""Album"", ""secondary-types"": [""Compilation""], ""secondary-type-ids"": [""dd2a21e1-0c00-3729-a7a0-de60b84eb5d1""]}, ""date"": """", ""country"": ""RU"", ""release-events"": [{""date"": """", ""area"": {""id"": ""1f1fc3a4-9500-39b8-9f10-f0a465557eef"", ""name"": ""Russia"", ""sort-name"": ""Russia"", ""iso-3166-1-codes"": [""RU""]}}], ""track-count"": 15, ""media"": [{""id"": ""2db31177-e062-4baa-b2e0-37f3c198ed0b"", ""position"": 1, ""format"": ""CD"", ""track"": [{""id"": ""47a21396-a0fb-4a9e-b336-5b0dccadf61a"", ""number"": ""7"", ""title"": ""Wicked Game"", ""length"": 288133}], ""track-count"": 15, ""track-offset"": 6}]}]}"
9c82e026-1eb0-49d8-95e7-3e62c29c4e73,Wicked Game,Chris Isaak,"{""id"": ""9c82e026-1eb0-49d8-95e7-3e62c29c4e73"", ""score"": 100, ""artist-credit-id"": ""566efeaa-79d3-3900-981c-9a2cf5735d64"", ""title"": ""Wicked Game"", ""length"": 294626, ""video"": null, ""artist-credit"": [{""name"": ""Chris Isaak"", ""artist"": {""id"": ""479497d4-e7c2-4e78-972e-56e78fac3995"", ""name"": ""Chris Isaak"", ""sort-name"": ""Isaak, Chris"", ""aliases"": [{""sort-name"": ""\u30af\u30ea\u30b9\u30fb\u30a2\u30a4\u30b6\u30c3\u30af"", ""type-id"": ""894afba6-2816-3c24-8072-eadb66bd04bc"", ""name"": ""\u30af\u30ea\u30b9\u30fb\u30a2\u30a4\u30b6\u30c3\u30af"", ""locale"": ""ja"", ""type"": ""Artist name"", ""primary"": true, ""begin-date"": null, ""end-date"": null}, {""sort-name"": ""Isaak, Christopher Joseph"", ""type-id"": ""d4dcd0c0-b341-3612-a332-c0ce797b25cf"", ""name"": ""Christopher Joseph Isaak"", ""locale"": null, ""type"": ""Legal name"", ""primary"": null, ""begin-date"": null, ""end-date"": null}, {""sort-name"": ""Chris Issak"", ""name"": ""Chris Issak"", ""locale"": null, ""type"": null, ""primary"": null, ""begin-date"": null, ""end-date"": null}, {""sort-name"": ""Chris Isaac"", ""name"": ""Chris Isaac"", ""locale"": null, ""type"": null, ""primary"": null, ""begin-date"": null, ""end-date"": null}]}}], ""first-release-date"": ""1998"", ""releases"": [{""id"": ""6a3895e9-585c-487b-b872-7af4fb8a53b6"", ""status-id"": ""4e304316-386d-3409-af2e-78857eec5cfe"", ""artist-credit-id"": ""566efeaa-79d3-3900-981c-9a2cf5735d64"", ""count"": 1, ""title"": ""Best 1985\u20131998"", ""status"": ""Official"", ""artist-credit"": [{""name"": ""Chris Isaak"", ""artist"": {""id"": ""479497d4-e7c2-4e78-972e-56e78fac3995"", ""name"": ""Chris Isaak"", ""sort-name"": ""Isaak, Chris""}}], ""release-group"": {""id"": ""5bfc48c7-8304-3563-9ba2-488c5984091f"", ""type-id"": ""dd2a21e1-0c00-3729-a7a0-de60b84eb5d1"", ""primary-type-id"": ""f529b476-6e62-324f-b0aa-1f3e33d313fc"", ""title"": ""Best 1985\u20131998"", ""primary-type"": ""Album"", ""secondary-types"": [""Compilation""], ""secondary-type-ids"": [""dd2a21e1-0c00-3729-a7a0-de60b84eb5d1""]}, ""date"": ""1998"", ""country"": ""XE"", ""release-events"": [{""date"": ""1998"", ""area"": {""id"": ""89a675c2-3e37-3518-b83c-418bad59a85a"", ""name"": ""Europe"", ""sort-name"": ""Europe"", ""iso-3166-1-codes"": [""XE""]}}], ""track-count"": 20, ""media"": [{""id"": ""ad9aac3d-54b0-3342-8573-476edb0dfe9b"", ""position"": 1, ""format"": ""CD"", ""track"": [{""id"": ""11192667-bc37-3491-b751-43ec674b2dec"", ""number"": ""3"", ""title"": ""Wicked Game"", ""length"": 294626}], ""track-count"": 20, ""track-offset"": 2}]}]}"
b9dde1f2-ba1a-4067-bde7-796af16f469d,Wicked Game,Chris Isaak,"{""id"": ""b9dde1f2-ba1a-4067-bde7-796af16f469d"", ""score"": 100, ""artist-credit-id"": ""566efeaa-79d3-3900-981c-9a2cf5735d64"", ""title"": ""Wicked Game"", ""length"": 310560, ""video"": null, ""artist-credit"": [{""name"": ""Chris Isaak"", ""artist"": {""id"": ""479497d4-e7c2-4e78-972e-56e78fac3995"", ""name"": ""Chris Isaak"", ""sort-name"": ""Isaak, Chris"", ""aliases"": [{""sort-name"": ""\u30af\u30ea\u30b9\u30fb\u30a2\u30a4\u30b6\u30c3\u30af"", ""type-id"": ""894afba6-2816-3c24-8072-eadb66bd04bc"", ""name"": ""\u30af\u30ea\u30b9\u30fb\u30a2\u30a4\u30b6\u30c3\u30af"", ""locale"": ""ja"", ""type"": ""Artist name"", ""primary"": true, ""begin-date"": null, ""end-date"": null}, {""sort-name"": ""Isaak, Christopher Joseph"", ""type-id"": ""d4dcd0c0-b341-3612-a332-c0ce797b25cf"", ""name"": ""Christopher Joseph Isaak"", ""locale"": null, ""type"": ""Legal name"", ""primary"": null, ""begin-date"": null, ""end-date"": null}, {""sort-name"": ""Chris Issak"", ""name"": ""Chris Issak"", ""locale"": null, ""type"": null, ""primary"": null, ""begin-date"": null, ""end-date"": null}, {""sort-name"": ""Chris Isaac"", ""name"": ""Chris Isaac"", ""locale"": null, ""type"": null, ""primary"": null, ""begin-date"": null, ""end-date"": null}]}}], ""first-release-date"": ""1992"", ""releases"": [{""id"": ""4efbc5ad-5e58-49fa-88bf-1ee3e74e34d6"", ""status-id"": ""4e304316-386d-3409-af2e-78857eec5cfe"", ""artist-credit-id"": ""949a7fd5-fe73-3e8f-922e-01ff4ca958f7"", ""count"": 1, ""title"": ""Erotic Vibrations: 14 Live Ballads, Volume 1"", ""status"": ""Official"", ""artist-credit"": [{""name"": ""Various Artists"", ""artist"": {""id"": ""89ad4ac3-39f7-470e-963a-56509c546377"", ""name"": ""Various Artists"", ""sort-name"": ""Various Artists"", ""disambiguation"": ""add compilations to this artist""}}], ""release-group"": {""id"": ""fcb3fbed-da1e-33aa-bf10-15c45fbe1535"", ""type-id"": ""dd2a21e1-0c00-3729-a7a0-de60b84eb5d1"", ""primary-type-id"": ""f529b476-6e62-324f-b0aa-1f3e33d313fc"", ""title"": ""Erotic Vibrations: 14 Live Ballads, Volume 1"", ""primary-type"": ""Album"", ""secondary-types"": [""Compilation""], ""secondary-type-ids"": [""dd2a21e1-0c00-3729-a7a0-de60b84eb5d1""]}, ""date"": ""1992"", ""country"": ""DE"", ""release-events"": [{""date"": ""1992"", ""area"": {""id"": ""85752fda-13c4-31a3-bee5-0e5cb1f51dad"", ""name"": ""Germany"", ""sort-name"": ""Germany"", ""iso-3166-1-codes"": [""DE""]}}], ""track-count"": 14, ""media"": [{""id"": ""b83e7a29-4799-3ed8-9ea8-073e2223b5cd"", ""position"": 1, ""track"": [{""id"": ""e9d9753c-d9a4-34d3-8d9e-fbd2e7419435"", ""number"": ""2"", ""title"": ""Wicked Game"", ""length"": 310560}], ""track-count"": 14, ""track-offset"": 1}]}]}"
3f4765cf-7e04-40a5-a759-a09ff04bedcf,Wicked Game,Chris Isaak,"{""id"": ""3f4765cf-7e04-40a5-a759-a09ff04bedcf"", ""score"": 100, ""artist-credit-id"": ""566efeaa-79d3-3900-981c-9a2cf5735d64"", ""title"": ""Wicked Game"", ""length"": 292000, ""disambiguation"": ""live from bimbos 365 club in san francisco"", ""video"": null, ""artist-credit"": [{""name"": ""Chris Isaak"", ""artist"": {""id"": ""479497d4-e7c2-4e78-972e-56e78fac3995"", ""name"": ""Chris Isaak"", ""sort-name"": ""Isaak, Chris"", ""aliases"": [{""sort-name"": ""\u30af\u30ea\u30b9\u30fb\u30a2\u30a4\u30b6\u30c3\u30af"", ""type-id"": ""894afba6-2816-3c24-8072-eadb66bd04bc"", ""name"": ""\u30af\u30ea\u30b9\u30fb\u30a2\u30a4\u30b6\u30c3\u30af"", ""locale"": ""ja"", ""type"": ""Artist name"", ""primary"": true, ""begin-date"": null, ""end-date"": null}, {""sort-name"": ""Isaak, Christopher Joseph"", ""type-id"": ""d4dcd0c0-b341-3612-a332-c0ce797b25cf"", ""name"": ""Christopher Joseph Isaak"", ""locale"": null, ""type"": ""Legal name"", ""primary"": null, ""begin-date"": null, ""end-date"": null}, {""sort-name"": ""Chris Issak"", ""name"": ""Chris Issak"", ""locale"": null, ""type"": null, ""primary"": null, ""begin-date"": null, ""end-date"": null}, {""sort-name"": ""Chris Isaac"", ""name"": ""Chris Isaac"", ""locale"": null, ""type"": null, ""primary"": null, ""begin-date"": null, ""end-date"": null}]}}], ""first-release-date"": ""1995-06-29"", ""releases"": [{""id"": ""5542ab07-9e7b-4f0a-8ebb-adf39f87b123"", ""status-id"": ""4e304316-386d-3409-af2e-78857eec5cfe"", ""artist-credit-id"": ""566efeaa-79d3-3900-981c-9a2cf5735d64"", ""count"": 1, ""title"": ""Bimbo's 365 1995 (live)"", ""status"": ""Official"", ""artist-credit"": [{""name"": ""Chris Isaak"", ""artist"": {""id"": ""479497d4-e7c2-4e78-972e-56e78fac3995"", ""name"": ""Chris Isaak"", ""sort-name"": ""Isaak, Chris""}}], ""release-group"": {""id"": ""6ca04f3d-45b9-4afd-9af2-76d01ac3c586"", ""type-id"": ""6fd474e2-6b58-3102-9d17-d6f7eb7da0a0"", ""primary-type-id"": ""f529b476-6e62-324f-b0aa-1f3e33d313fc"", ""title"": ""Bimbo's 365 1995 (live)"", ""primary-type"": ""Album"", ""secondary-types"": [""Live""], ""secondary-type-ids"": [""6fd474e2-6b58-3102-9d17-d6f7eb7da0a0""]}, ""date"": ""2016-09-14"", ""country"": ""XW"", ""release-events"": [{""date"": ""2016-09-14"", ""area"": {""id"": ""525d4e18-3d00-31b9-a58b-a146a916de8f"", ""name"": ""[Worldwide]"", ""sort-name"": ""[Worldwide]"", ""iso-3166-1-codes"": [""XW""]}}], ""track-count"": 14, ""media"": [{""id"": ""46a5927a-2c00-3d85-b458-01e5b6128bf7"", ""position"": 1, ""format"": ""Digital Media"", ""track"": [{""id"": ""186a7a71-fedf-4c15-81a2-a0226adaa827"", ""number"": ""9"", ""title"": ""Wicked Game (live)"", ""length"": 293000}], ""track-count"": 14, ""track-offset"": 8}]}, {""id"": ""e595e3af-7fe6-444d-9d85-bede60079988"", ""status-id"": ""518ffc83-5cde-34df-8627-81bff5093d92"", ""artist-credit-id"": ""566efeaa-79d3-3900-981c-9a2cf5735d64"", ""count"": 1, ""title"": ""Live From Bimbos 365 Club in San Francisco"", ""status"": ""Promotion"", ""artist-credit"": [{""name"": ""Chris Isaak"", ""artist"": {""id"": ""479497d4-e7c2-4e78-972e-56e78fac3995"", ""name"": ""Chris Isaak"", ""sort-name"": ""Isaak, Chris""}}], ""release-group"": {""id"": ""b0ae2822-f482-47e4-a973-0fcca03878ec"", ""type-id"": ""6fd474e2-6b58-3102-9d17-d6f7eb7da0a0"", ""primary-type-id"": ""f529b476-6e62-324f-b0aa-1f3e33d313fc"", ""title"": ""Live From Bimbos 365 Club in San Francisco"", ""primary-type"": ""Album"", ""secondary-types"": [""Live""], ""secondary-type-ids"": [""6fd474e2-6b58-3102-9d17-d6f7eb7da0a0""]}, ""track-count"": 16, ""media"": [{""id"": ""502d4942-50f9-3710-89e6-e363b99b0e2f"", ""position"": 1, ""format"": ""CD"", ""track"": [{""id"": ""a2c39de9-07d9-4086-b3a9-38aafa08e7e6"", ""number"": ""10"", ""title"": ""Wicked Game"", ""length"": 292000}], ""track-count"": 16, ""track-offset"": 9}]}]}"
78e48e2e-f262-4e5a-9377-2736766ec8be,Wicked Game,Chris Isaak,"{""id"": ""78e48e2e-f262-4e5a-9377-2736766ec8be"", ""score"": 100, ""artist-credit-id"": ""566efeaa-79d3-3900-981c-9a2cf5735d64"", ""title"": ""Wicked Game"", ""length"": 296000, ""video"": null, ""artist-credit"": [{""name"": ""Chris Isaak"", ""artist"": {""id"": ""479497d4-e7c2-4e78-972e-56e78fac3995"", ""name"": ""Chris Isaak"", ""sort-name"": ""Isaak, Chris"", ""aliases"": [{""sort-name"": ""\u30af\u30ea\u30b9\u30fb\u30a2\u30a4\u30b6\u30c3\u30af"", ""type-id"": ""894afba6-2816-3c24-8072-eadb66bd04bc"", ""name"": ""\u30af\u30ea\u30b9\u30fb\u30a2\u30a4\u30b6\u30c3\u30af"", ""locale"": ""ja"", ""type"": ""Artist name"", ""primary"": true, ""begin-date"": null, ""end-date"": null}, {""sort-name"": ""Isaak, Christopher Joseph"", ""type-id"": ""d4dcd0c0-b341-3612-a332-c0ce797b25cf"", ""name"": ""Christopher Joseph Isaak"", ""locale"": null, ""type"": ""Legal name"", ""primary"": null, ""begin-date"": null, ""end-date"": null}, {""sort-name"": ""Chris Issak"", ""name"": ""Chris Issak"", ""locale"": null, ""type"": null, ""primary"": null, ""begin-date"": null, ""end-date"": null}, {""sort-name"": ""Chris Isaac"", ""name"": ""Chris Isaac"", ""locale"": null, ""type"": null, ""primary"": null, ""begin-date"": null, ""end-date"": null}]}}], ""first-release-date"": ""1991"", ""releases"": [{""id"": ""fbc3d271-8926-4ffa-9248-5c823c525345"", ""status-id"": ""1156806e-d06a-38bd-83f0-cf2284a808b9"", ""artist-credit-id"": ""566efeaa-79d3-3900-981c-9a2cf5735d64"", ""count"": 2, ""title"": ""Heart Full of Soul"", ""status"": ""Bootleg"", ""artist-credit"": [{""name"": ""Chris Isaak"", ""artist"": {""id"": ""479497d4-e7c2-4e78-972e-56e78fac3995"", ""name"": ""Chris Isaak"", ""sort-name"": ""Isaak, Chris""}}], ""release-group"": {""id"": ""7a7479a4-a0fd-4631-80a6-74183b86c27d"", ""type-id"": ""6fd474e2-6b58-3102-9d17-d6f7eb7da0a0"", ""primary-type-id"": ""f529b476-6e62-324f-b0aa-1f3e33d313fc"", ""title"": ""Heart Full of Soul"", ""primary-type"": ""Album"", ""secondary-types"": [""Live""], ""secondary-type-ids"": [""6fd474e2-6b58-3102-9d17-d6f7eb7da0a0""]}, ""date"": ""1991"", ""country"": ""DE"", ""release-events"": [{""date"": ""1991"", ""area"": {""id"": ""85752fda-13c4-31a3-bee5-0e5cb1f51dad"", ""name"": ""Germany"", ""sort-name"": ""Germany"", ""iso-3166-1-codes"": [""DE""]}}], ""track-count"": 22, ""media"": [{""id"": ""a619bde3-76ad-369b-b46f-83be9bc10464"", ""position"": 1, ""format"": ""CD"", ""track"": [{""id"": ""292b5459-d298-47c7-ba99-327743a7459a"", ""number"": ""5"", ""title"": ""Wicked Game"", ""length"": 296000}], ""track-count"": 11, ""track-offset"": 4}]}]}"
4f271551-02d4-4133-a06a-0954e2c41791,Wicked Game,Chris Isaak,"{""id"": ""4f271551-02d4-4133-a06a-0954e2c41791"", ""score"": 100, ""artist-credit-id"": ""566efeaa-79d3-3900-981c-9a2cf5735d64"", ""title"": ""Wicked Game"", ""video"": true, ""artist-credit"": [{""name"": ""Chris Isaak"", ""artist"": {""id"": ""479497d4-e7c2-4e78-972e-56e78fac3995"", ""name"": ""Chris Isaak"", ""sort-name"": ""Isaak, Chris"", ""aliases"": [{""sort-name"": ""\u30af\u30ea\u30b9\u30fb\u30a2\u30a4\u30b6\u30c3\u30af"", ""type-id"": ""894afba6-2816-3c24-8072-eadb66bd04bc"", ""name"": ""\u30af\u30ea\u30b9\u30fb\u30a2\u30a4\u30b6\u30c3\u30af"", ""locale"": ""ja"", ""type"": ""Artist name"", ""primary"": true, ""begin-date"": null, ""end-date"": null}, {""sort-name"": ""Isaak, Christopher Joseph"", ""type-id"": ""d4dcd0c0-b341-3612-a332-c0ce797b25cf"", ""name"": ""Christopher Joseph Isaak"", ""locale"": null, ""type"": ""Legal name"", ""primary"": null, ""begin-date"": null, ""end-date"": null}, {""sort-name"": ""Chris Issak"", ""name"": ""Chris Issak"", ""locale"": null, ""type"": null, ""primary"": null, ""begin-date"": null, ""end-date"": null}, {""sort-name"": ""Chris Isaac"", ""name"": ""Chris Isaac"", ""locale"": null, ""type"": null, ""primary"": null, ""begin-date"": null, ""end-date"": null}]}}], ""first-release-date"": ""1992-02"", ""releases"": [{""id"": ""8cc9a1cf-de8a-4b4a-a192-cac395c55d6a"", ""status-id"": ""518ffc83-5cde-34df-8627-81bff5093d92"", ""artist-credit-id"": ""949a7fd5-fe73-3e8f-922e-01ff4ca958f7"", ""count"": 1, ""title"": ""W H Smith Cable Jukebox"", ""status"": ""Promotion"", ""artist-credit"": [{""name"": ""Various Artists"", ""artist"": {""id"": ""89ad4ac3-39f7-470e-963a-56509c546377"", ""name"": ""Various Artists"", ""sort-name"": ""Various Artists"", ""disambiguation"": ""add compilations to this artist""}}], ""release-group"": {""id"": ""5c66d407-4f4a-42fe-a6a3-58afc7a6094b"", ""type-id"": ""dd2a21e1-0c00-3729-a7a0-de60b84eb5d1"", ""primary-type-id"": ""f529b476-6e62-324f-b0aa-1f3e33d313fc"", ""title"": ""W H Smith Cable Jukebox"", ""primary-type"": ""Album"", ""secondary-types"": [""Compilation""], ""secondary-type-ids"": [""dd2a21e1-0c00-3729-a7a0-de60b84eb5d1""]}, ""date"": ""1992-02"", ""country"": ""GB"", ""release-events"": [{""date"": ""1992-02"", ""area"": {""id"": ""8a754a16-0027-3a29-b6d7-2b40ea0481ed"", ""name"": ""United Kingdom"", ""sort-name"": ""United Kingdom"", ""iso-3166-1-codes"": [""GB""]}}], ""track-count"": 16, ""media"": [{""id"": ""3a8bcf3a-488d-3977-a8b6-21458443b003"", ""position"": 1, ""format"": ""LaserDisc"", ""track"": [{""id"": ""9e0a9ae2-309e-4b58-86c0-e328c780a90d"", ""number"": ""11"", ""title"": ""Wicked Game""}], ""track-count"": 16, ""track-offset"": 10}]}]}"
c2354029-1b31-4246-9b3b-988ca29cd1e1,Wicked Game,Chris Isaak,"{""id"": ""c2354029-1b31-4246-9b3b-988ca29cd1e1"", ""score"": 100, ""artist-credit-id"": ""566efeaa-79d3-3900-981c-9a2cf5735d64"", ""title"": ""Wicked Game"", ""length"": 289066, ""video"": null, ""artist-credit"": [{""name"": ""Chris Isaak"", ""artist"": {""id"": ""479497d4-e7c2-4e78-972e-56e78fac3995"", ""name"": ""Chris Isaak"", ""sort-name"": ""Isaak, Chris"", ""aliases"": [{""sort-name"": ""\u30af\u30ea\u30b9\u30fb\u30a2\u30a4\u30b6\u30c3\u30af"", ""type-id"": ""894afba6-2816-3c24-8072-eadb66bd04bc"", ""name"": ""\u30af\u30ea\u30b9\u30fb\u30a2\u30a4\u30b6\u30c3\u30af"", ""locale"": ""ja"", ""type"": ""Artist name"", ""primary"": true, ""begin-date"": null, ""end-date"": null}, {""sort-name"": ""Isaak, Christopher Joseph"", ""type-id"": ""d4dcd0c0-b341-3612-a332-c0ce797b25cf"", ""name"": ""Christopher Joseph Isaak"", ""locale"": null, ""type"": ""Legal name"", ""primary"": null, ""begin-date"": null, ""end-date"": null}, {""sort-name"": ""Chris Issak"", ""name"": ""Chris Issak"", ""locale"": null, ""type"": null, ""primary"": null, ""begin-date"": null, ""end-date"": null}, {""sort-name"": ""Chris Isaac"", ""name"": ""Chris Isaac"", ""locale"": null, ""type"": null, ""primary"": null, ""begin-date"": null, ""end-date"": null}]}}], ""first-release-date"": ""2025-10-17"", ""releases"": [{""id"": ""6747b3d0-24da-4ba6-9d9e-f67eaa35f074"", ""status-id"": ""4e304316-386d-3409-af2e-78857eec5cfe"", ""artist-credit-id"": ""949a7fd5-fe73-3e8f-922e-01ff4ca958f7"", ""count"": 1, ""title"": ""Witchy Fall Vibes"", ""status"": ""Official"", ""artist-credit"": [{""name"": ""Various Artists"", ""artist"": {""id"": ""89ad4ac3-39f7-470e-963a-56509c546377"", ""name"": ""Various Artists"", ""sort-name"": ""Various Artists"", ""disambiguation"": ""add compilations to this artist""}}], ""release-group"": {""id"": ""08921031-f153-42f1-9c10-769445617db0"", ""type-id"": ""dd2a21e1-0c00-3729-a7a0-de60b84eb5d1"", ""primary-type-id"": ""f529b476-6e62-324f-b0aa-1f3e33d313fc"", ""title"": ""Witchy Fall Vibes"", ""primary-type"": ""Album"", ""secondary-types"": [""Compilation""], ""secondary-type-ids"": [""dd2a21e1-0c00-3729-a7a0-de60b84eb5d1""]}, ""track-count"": 70, ""media"": [{""id"": ""cb71cf3f-63f3-48c8-8f17-9dd83a4a4147"", ""position"": 1, ""format"": ""Digital Media"", ""track"": [{""id"": ""b7d52276-e053-4dd0-a69f-6a317722768b"", ""number"": ""4"", ""title"": ""Wicked Game"", ""length"": 289066}], ""track-count"": 70, ""track-offset"": 3}]}], ""isrcs"": [""USRE19900989""]}"
74aab1c2-485c-448e-9133-0eb86ccc2d59,Wicked Game,Chris Isaak,"{""id"": ""74aab1c2-485c-448e-9133-0eb86ccc2d59"", ""score"": 100, ""artist-credit-id"": ""566efeaa-79d3-3900-981c-9a2cf5735d64"", ""title"": ""Wicked Game"", ""length"": 283130, ""disambiguation"": ""live, Soundstage TV show, WTTW, Chicago, IL, USA"", ""video"": true, ""artist-credit"": [{""name"": ""Chris Isaak"", ""artist"": {""id"": ""479497d4-e7c2-4e78-972e-56e78fac3995"", ""name"": ""Chris Isaak"", ""sort-name"": ""Isaak, Chris"", ""aliases"": [{""sort-name"": ""\u30af\u30ea\u30b9\u30fb\u30a2\u30a4\u30b6\u30c3\u30af"", ""type-id"": ""894afba6-2816-3c24-8072-eadb66bd04bc"", ""name"": ""\u30af\u30ea\u30b9\u30fb\u30a2\u30a4\u30b6\u30c3\u30af"", ""locale"": ""ja"", ""type"": ""Artist name"", ""primary"": true, ""begin-date"": null, ""end-date"": null}, {""sort-name"": ""Isaak, Christopher Joseph"", ""type-id"": ""d4dcd0c0-b341-3612-a332-c0ce797b25cf"", ""name"": ""Christopher Joseph Isaak"", ""locale"": null, ""type"": ""Legal name"", ""primary"": null, ""begin-date"": null, ""end-date"": null}, {""sort-name"": ""Chris Issak"", ""name"": ""Chris Issak"", ""locale"": null, ""type"": null, ""primary"": null, ""begin-date"": null, ""end-date"": null}, {""sort-name"": ""Chris Isaac"", ""name"": ""Chris Isaac"", ""locale"": null, ""type"": null, ""primary"": null, ""begin-date"": null, ""end-date"": null}]}}], ""first-release-date"": ""2008-11"", ""releases"": [{""id"": ""ee91f8af-7d86-4cbf-8bdc-43951fce1863"", ""status-id"": ""4e304316-386d-3409-af2e-78857eec5cfe"", ""artist-credit-id"": ""949a7fd5-fe73-3e8f-922e-01ff4ca958f7"", ""count"": 1, ""title"": ""Best of Soundstage"", ""status"": ""Official"", ""artist-credit"": [{""name"": ""Various Artists"", ""artist"": {""id"": ""89ad4ac3-39f7-470e-963a-56509c546377"", ""name"": ""Various Artists"", ""sort-name"": ""Various Artists"", ""disambiguation"": ""add compilations to this artist""}}], ""release-group"": {""id"": ""0e7c3d22-a8bc-4ac6-9063-2bb9c68ef6c7"", ""type-id"": ""dd2a21e1-0c00-3729-a7a0-de60b84eb5d1"", ""primary-type-id"": ""f529b476-6e62-324f-b0aa-1f3e33d313fc"", ""title"": ""Best of Soundstage"", ""primary-type"": ""Album"", ""secondary-types"": [""Compilation""], ""secondary-type-ids"": [""dd2a21e1-0c00-3729-a7a0-de60b84eb5d1""]}, ""date"": ""2008-11"", ""country"": ""US"", ""release-events"": [{""date"": ""2008-11"", ""area"": {""id"": ""489ce91b-6658-3307-9877-795b68554c98"", ""name"": ""United States"", ""sort-name"": ""United States"", ""iso-3166-1-codes"": [""US""]}}], ""track-count"": 16, ""media"": [{""id"": ""17d6ae3c-0b31-300d-a226-f72b6b40326d"", ""position"": 1, ""format"": ""Blu-ray"", ""track"": [{""id"": ""2052bbbc-9404-3315-992b-cc114baa8d9f"", ""number"": ""10"", ""title"": ""Wicked Game"", ""length"": 283130}], ""track-count"": 16, ""track-offset"": 9}]}]}"
6ab35a2a-b70c-4554-bbae-e3517e4e2f16,Wicked Game,Chris Isaak,"{""id"": ""6ab35a2a-b70c-4554-bbae-e3517e4e2f16"", ""score"": 100, ""artist-credit-id"": ""566efeaa-79d3-3900-981c-9a2cf5735d64"", ""title"": ""Wicked Game"", ""length"": 309000, ""video"": null, ""artist-credit"": [{""name"": ""Chris Isaak"", ""artist"": {""id"": ""479497d4-e7c2-4e78-972e-56e78fac3995"", ""name"": ""Chris Isaak"", ""sort-name"": ""Isaak, Chris"", ""aliases"": [{""sort-name"": ""\u30af\u30ea\u30b9\u30fb\u30a2\u30a4\u30b6\u30c3\u30af"", ""type-id"": ""894afba6-2816-3c24-8072-eadb66bd04bc"", ""name"": ""\u30af\u30ea\u30b9\u30fb\u30a2\u30a4\u30b6\u30c3\u30af"", ""locale"": ""ja"", ""type"": ""Artist name"", ""primary"": true, ""begin-date"": null, ""end-date"": null}, {""sort-name"": ""Isaak, Christopher Joseph"", ""type-id"": ""d4dcd0c0-b341-3612-a332-c0ce797b25cf"", ""name"": ""Christopher Joseph Isaak"", ""locale"": null, ""type"": ""Legal name"", ""primary"": null, ""begin-date"": null, ""end-date"": null}, {""sort-name"": ""Chris Issak"", ""name"": ""Chris Issak"", ""locale"": null, ""type"": null, ""primary"": null, ""begin-date"": null, ""end-date"": null}, {""sort-name"": ""Chris Isaac"", ""name"": ""Chris Isaac"", ""locale"": null, ""type"": null, ""primary"": null, ""begin-date"": null, ""end-date"": null}]}}], ""first-release-date"": ""1996"", ""releases"": [{""id"": ""d5fce680-8ac5-45e7-b909-a8f8622f0bf1"", ""status-id"": ""1156806e-d06a-38bd-83f0-cf2284a808b9"", ""artist-credit-id"": ""33c8c510-59e5-3767-a70d-8d55c4a0bedb"", ""count"": 1, ""title"": ""Joshua Kadison"", ""status"": ""Bootleg"", ""disambiguation"": ""Artist Name etched in gold in acryl package"", ""artist-credit"": [{""name"": ""Joshua Kadison"", ""artist"": {""id"": ""fef99732-88b6-4ac1-9a49-4bfcca88d8fe"", ""name"": ""Joshua Kadison"", ""sort-name"": ""Kadison, Joshua"", ""disambiguation"": ""US singer-songwriter, pianist & writer""}}], ""release-group"": {""id"": ""cc3c4388-d43a-4c9e-adae-59af33c5ffd4"", ""type-id"": ""6fd474e2-6b58-3102-9d17-d6f7eb7da0a0"", ""primary-type-id"": ""f529b476-6e62-324f-b0aa-1f3e33d313fc"", ""title"": ""Joshua Kadison"", ""primary-type"": ""Album"", ""secondary-types"": [""Live""], ""secondary-type-ids"": [""6fd474e2-6b58-3102-9d17-d6f7eb7da0a0""]}, ""date"": ""1996"", ""country"": ""DE"", ""release-events"": [{""date"": ""1996"", ""area"": {""id"": ""85752fda-13c4-31a3-bee5-0e5cb1f51dad"", ""name"": ""Germany"", ""sort-name"": ""Germany"", ""iso-3166-1-codes"": [""DE""]}}], ""track-count"": 13, ""media"": [{""id"": ""d5c92a1a-d627-3903-acd7-efb04707b0a8"", ""position"": 1, ""format"": ""CD"", ""track"": [{""id"": ""c9275d34-68c1-466d-818d-67f023f8679d"", ""number"": ""7"", ""title"": ""Wicked Game"", ""length"": 309000}], ""track-count"": 13, ""track-offset"": 6}]}]}"
70629cd2-fa1a-4f2f-b6d4-1939824d3c27,Wicked Game,Chris Isaak,"{""id"": ""70629cd2-fa1a-4f2f-b6d4-1939824d3c27"", ""score"": 100, ""artist-credit-id"": ""566efeaa-79d3-3900-981c-9a2cf5735d64"", ""title"": ""Wicked Game"", ""length"": 164000, ""video"": null, ""artist-credit"": [{""name"": ""Chris Isaak"", ""artist"": {""id"": ""479497d4-e7c2-4e78-972e-56e78fac3995"", ""name"": ""Chris Isaak"", ""sort-name"": ""Isaak, Chris"", ""aliases"": [{""sort-name"": ""\u30af\u30ea\u30b9\u30fb\u30a2\u30a4\u30b6\u30c3\u30af"", ""type-id"": ""894afba6-2816-3c24-8072-eadb66bd04bc"", ""name"": ""\u30af\u30ea\u30b9\u30fb\u30a2\u30a4\u30b6\u30c3\u30af"", ""locale"": ""ja"", ""type"": ""Artist name"", ""primary"": true, ""begin-date"": null, ""end-date"": null}, {""sort-name"": ""Isaak, Christopher Joseph"", ""type-id"": ""d4dcd0c0-b341-3612-a332-c0ce797b25cf"", ""name"": ""Christopher Joseph Isaak"", ""locale"": null, ""type"": ""Legal name"", ""primary"": null, ""begin-date"": null, ""end-date"": null}, {""sort-name"": ""Chris Issak"", ""name"": ""Chris Issak"", ""locale"": null, ""type"": null, ""primary"": null, ""begin-date"": null, ""end-date"": null}, {""sort-name"": ""Chris Isaac"", ""name"": ""Chris Isaac"", ""locale"": null, ""type"": null, ""primary"": null, ""begin-date"": null, ""end-date"": null}]}}], ""first-release-date"": ""1992-11-04"", ""releases"": [{""id"": ""e86c31cc-754a-4616-abf4-2bb124b230e2"", ""status-id"": ""4e304316-386d-3409-af2e-78857eec5cfe"", ""artist-credit-id"": ""949a7fd5-fe73-3e8f-922e-01ff4ca958f7"", ""count"": 1, ""title"": ""Cities 97 Sampler, Volume 4 (Keepsakes)"", ""status"": ""Official"", ""artist-credit"": [{""name"": ""Various Artists"", ""artist"": {""id"": ""89ad4ac3-39f7-470e-963a-56509c546377"", ""name"": ""Various Artists"", ""sort-name"": ""Various Artists"", ""disambiguation"": ""add compilations to this artist""}}], ""release-group"": {""id"": ""9acd4ed6-6099-45a8-82e0-b58a0e4d14a6"", ""type-id"": ""6fd474e2-6b58-3102-9d17-d6f7eb7da0a0"", ""primary-type-id"": ""f529b476-6e62-324f-b0aa-1f3e33d313fc"", ""title"": ""Cities 97 Sampler, Volume 4 (Keepsakes)"", ""primary-type"": ""Album"", ""secondary-types"": [""Live""], ""secondary-type-ids"": [""6fd474e2-6b58-3102-9d17-d6f7eb7da0a0""]}, ""date"": ""1992-11-04"", ""country"": ""US"", ""release-events"": [{""date"": ""1992-11-04"", ""area"": {""id"": ""489ce91b-6658-3307-9877-795b68554c98"", ""name"": ""United States"", ""sort-name"": ""United States"", ""iso-3166-1-codes"": [""US""]}}], ""track-count"": 13, ""media"": [{""id"": ""afccbe15-b2fb-3689-b542-732d37bbc4bb"", ""position"": 1, ""format"": ""CD"", ""track"": [{""id"": ""1dda0993-1350-4c2b-a8c1-575dc772d721"", ""number"": ""7"", ""title"": ""Wicked Game"", ""length"": 164000}], ""track-count"": 13, ""track-offset"": 6}]}]}"
283c45ce-0ec2-4808-a2ee-812124e8f1b2,Wicked Game,Chris Isaak,"{""id"": ""283c45ce-0ec2-4808-a2ee-812124e8f1b2"", ""score"": 100, ""artist-credit-id"": ""566efeaa-79d3-3900-981c-9a2cf5735d64"", ""title"": ""Wicked Game"", ""length"": 246000, ""video"": null, ""artist-credit"": [{""name"": ""Chris Isaak"", ""artist"": {""id"": ""479497d4-e7c2-4e78-972e-56e78fac3995"", ""name"": ""Chris Isaak"", ""sort-name"": ""Isaak, Chris"", ""aliases"": [{""sort-name"": ""\u30af\u30ea\u30b9\u30fb\u30a2\u30a4\u30b6\u30c3\u30af"", ""type-id"": ""894afba6-2816-3c24-8072-eadb66bd04bc"", ""name"": ""\u30af\u30ea\u30b9\u30fb\u30a2\u30a4\u30b6\u30c3\u30af"", ""locale"": ""ja"", ""type"": ""Artist name"", ""primary"": true, ""begin-date"": null, ""end-date"": null}, {""sort-name"": ""Isaak, Christopher Joseph"", ""type-id"": ""d4dcd0c0-b341-3612-a332-c0ce797b25cf"", ""name"": ""Christopher Joseph Isaak"", ""locale"": null, ""type"": ""Legal name"", ""primary"": null, ""begin-date"": null, ""end-date"": null}, {""sort-name"": ""Chris Issak"", ""name"": ""Chris Issak"", ""locale"": null, ""type"": null, ""primary"": null, ""begin-date"": null, ""end-date"": null}, {""sort-name"": ""Chris Isaac"", ""name"": ""Chris Isaac"", ""locale"": null, ""type"": null, ""primary"": null, ""begin-date"": null, ""end-date"": null}]}}], ""releases"": [{""id"": ""aac27adb-a318-431c-8d00-2c63e75e69bb"", ""status-id"": ""4e304316-386d-3409-af2e-78857eec5cfe"", ""artist-credit-id"": ""949a7fd5-fe73-3e8f-922e-01ff4ca958f7"", ""count"": 2, ""title"": ""Friends: The Complete Series"", ""status"": ""Official"", ""artist-credit"": [{""name"": ""Various Artists"", ""artist"": {""id"": ""89ad4ac3-39f7-470e-963a-56509c546377"", ""name"": ""Various Artists"", ""sort-name"": ""Various Artists"", ""disambiguation"": ""add compilations to this artist""}}], ""release-group"": {""id"": ""a4738a2d-0d04-4438-9ba8-8354be2897a9"", ""type-id"": ""dd2a21e1-0c00-3729-a7a0-de60b84eb5d1"", ""primary-type-id"": ""f529b476-6e62-324f-b0aa-1f3e33d313fc"", ""title"": ""Friends: The Complete Series"", ""primary-type"": ""Album"", ""secondary-types"": [""Compilation"", ""Soundtrack""], ""secondary-type-ids"": [""dd2a21e1-0c00-3729-a7a0-de60b84eb5d1"", ""22a628ad-c082-3c4f-b1b6-d41665107b88""]}, ""track-count"": 30, ""media"": [{""id"": ""0a05f7a5-a36d-39c5-b98c-dda9bb51aba7"", ""position"": 2, ""format"": ""CD"", ""track"": [{""id"": ""58781ad6-d3a2-4d06-81d8-0b68a197da25"", ""number"": ""1"", ""title"": ""Wicked Game"", ""length"": 246000}], ""track-count"": 17, ""track-offset"": 0}]}]}"
91fb822a-e091-47c9-8e51-e463bd2e130c,Wicked Game,Chris Isaak,"{""id"": ""91fb822a-e091-47c9-8e51-e463bd2e130c"", ""score"": 100, ""artist-credit-id"": ""566efeaa-79d3-3900-981c-9a2cf5735d64"", ""title"": ""Wicked Game"", ""video"": true, ""artist-credit"": [{""name"": ""Chris Isaak"", ""artist"": {""id"": ""479497d4-e7c2-4e78-972e-56e78fac3995"", ""name"": ""Chris Isaak"", ""sort-name"": ""Isaak, Chris"", ""aliases"": [{""sort-name"": ""\u30af\u30ea\u30b9\u30fb\u30a2\u30a4\u30b6\u30c3\u30af"", ""type-id"": ""894afba6-2816-3c24-8072-eadb66bd04bc"", ""name"": ""\u30af\u30ea\u30b9\u30fb\u30a2\u30a4\u30b6\u30c3\u30af"", ""locale"": ""ja"", ""type"": ""Artist name"", ""primary"": true, ""begin-date"": null, ""end-date"": null}, {""sort-name"": ""Isaak, Christopher Joseph"", ""type-id"": ""d4dcd0c0-b341-3612-a332-c0ce797b25cf"", ""name"": ""Christopher Joseph Isaak"", ""locale"": null, ""type"": ""Legal name"", ""primary"": null, ""begin-date"": null, ""end-date"": null}, {""sort-name"": ""Chris Issak"", ""name"": ""Chris Issak"", ""locale"": null, ""type"": null, ""primary"": null, ""begin-date"": null, ""end-date"": null}, {""sort-name"": ""Chris Isaac"", ""name"": ""Chris Isaac"", ""locale"": null, ""type"": null, ""primary"": null, ""begin-date"": null, ""end-date"": null}]}}], ""first-release-date"": ""2006-09-15"", ""releases"": [{""id"": ""b6bab346-e71f-455f-8b69-f9b1d35ebde5"", ""status-id"": ""4e304316-386d-3409-af2e-78857eec5cfe"", ""artist-credit-id"": ""566efeaa-79d3-3900-981c-9a2cf5735d64"", ""count"": 2, ""title"": ""Best of Chris Isaak"", ""status"": ""Official"", ""disambiguation"": ""special edition"", ""artist-credit"": [{""name"": ""Chris Isaak"", ""artist"": {""id"": ""479497d4-e7c2-4e78-972e-56e78fac3995"", ""name"": ""Chris Isaak"", ""sort-name"": ""Isaak, Chris""}}], ""release-group"": {""id"": ""bee6999b-b9ce-373d-b91e-fc8e3917cb06"", ""type-id"": ""dd2a21e1-0c00-3729-a7a0-de60b84eb5d1"", ""primary-type-id"": ""f529b476-6e62-324f-b0aa-1f3e33d313fc"", ""title"": ""Best of Chris Isaak"", ""primary-type"": ""Album"", ""secondary-types"": [""Compilation""], ""secondary-type-ids"": [""dd2a21e1-0c00-3729-a7a0-de60b84eb5d1""]}, ""date"": ""2006-09-15"", ""country"": ""AU"", ""release-events"": [{""date"": ""2006-09-15"", ""area"": {""id"": ""106e0bec-b638-3b37-b731-f53d507dc00e"", ""name"": ""Australia"", ""sort-name"": ""Australia"", ""iso-3166-1-codes"": [""AU""]}}], ""track-count"": 36, ""media"": [{""id"": ""25efc9bd-60c6-3204-92c2-53fef365e3aa"", ""position"": 2, ""format"": ""DVD"", ""track"": [{""id"": ""d6ec6d0e-f62b-42dd-bfe2-a7c3a3def845"", ""number"": ""1"", ""title"": ""Wicked Game""}], ""track-count"": 18, ""track-offset"": 0}]}, {""id"": ""3a099fee-61ad-442c-bebd-7e86bfa20bff"", ""status-id"": ""4e304316-386d-3409-af2e-78857eec5cfe"", ""artist-credit-id"": ""566efeaa-79d3-3900-981c-9a2cf5735d64"", ""count"": 2, ""title"": ""Best of Chris Isaak"", ""status"": ""Official"", ""disambiguation"": ""Special Edition"", ""artist-credit"": [{""name"": ""Chris Isaak"", ""artist"": {""id"": ""479497d4-e7c2-4e78-972e-56e78fac3995"", ""name"": ""Chris Isaak"", ""sort-name"": ""Isaak, Chris""}}], ""release-group"": {""id"": ""bee6999b-b9ce-373d-b91e-fc8e3917cb06"", ""type-id"": ""dd2a21e1-0c00-3729-a7a0-de60b84eb5d1"", ""primary-type-id"": ""f529b476-6e62-324f-b0aa-1f3e33d313fc"", ""title"": ""Best of Chris Isaak"", ""primary-type"": ""Album"", ""secondary-types"": [""Compilation""], ""secondary-type-ids"": [""dd2a21e1-0c00-3729-a7a0-de60b84eb5d1""]}, ""date"": ""2006-09-15"", ""country"": ""US"", ""release-events"": [{""date"": ""2006-09-15"", ""area"": {""id"": ""489ce91b-6658-3307-9877-795b68554c98"", ""name"": ""United States"", ""sort-name"": ""United States"", ""iso-3166-1-codes"": [""US""]}}], ""track-count"": 36, ""media"": [{""id"": ""c49b126e-f63b-3041-a327-a98cdf983807"", ""position"": 2, ""format"": ""DVD-Video"", ""track"": [{""id"": ""3a4fe084-7641-40b2-8a79-502d15d6a408"", ""number"": ""1"", ""title"": ""Wicked Game""}], ""track-count"": 18, ""track-offset"": 0}]}]}"
d2416729-fbd8-45fe-a789-e31bd152f284,Wicked Game,Chris Isaak,"{""id"": ""d2416729-fbd8-45fe-a789-e31bd152f284"", ""score"": 100, ""artist-credit-id"": ""566efeaa-79d3-3900-981c-9a2cf5735d64"", ""title"": ""Wicked Game"", ""length"": 244000, ""video"": null, ""artist-credit"": [{""name"": ""Chris Isaak"", ""artist"": {""id"": ""479497d4-e7c2-4e78-972e-56e78fac3995"", ""name"": ""Chris Isaak"", ""sort-name"": ""Isaak, Chris"", ""aliases"": [{""sort-name"": ""\u30af\u30ea\u30b9\u30fb\u30a2\u30a4\u30b6\u30c3\u30af"", ""type-id"": ""894afba6-2816-3c24-8072-eadb66bd04bc"", ""name"": ""\u30af\u30ea\u30b9\u30fb\u30a2\u30a4\u30b6\u30c3\u30af"", ""locale"": ""ja"", ""type"": ""Artist name"", ""primary"": true, ""begin-date"": null, ""end-date"": null}, {""sort-name"": ""Isaak, Christopher Joseph"", ""type-id"": ""d4dcd0c0-b341-3612-a332-c0ce797b25cf"", ""name"": ""Christopher Joseph Isaak"", ""locale"": null, ""type"": ""Legal name"", ""primary"": null, ""begin-date"": null, ""end-date"": null}, {""sort-name"": ""Chris Issak"", ""name"": ""Chris Issak"", ""locale"": null, ""type"": null, ""primary"": null, ""begin-date"": null, ""end-date"": null}, {""sort-name"": ""Chris Isaac"", ""name"": ""Chris Isaac"", ""locale"": null, ""type"": null, ""primary"": null, ""begin-date"": null, ""end-date"": null}]}}], ""first-release-date"": ""2016"", ""releases"": [{""id"": ""c4921b9b-9aa8-47c0-999f-f8a201e2ed6d"", ""status-id"": ""1156806e-d06a-38bd-83f0-cf2284a808b9"", ""artist-credit-id"": ""949a7fd5-fe73-3e8f-922e-01ff4ca958f7"", ""count"": 1, ""title"": ""\u03a4\u03bf \u03c1\u03bf\u03ba \u03c0\u03bf\u03c5 \u03c0\u03b1\u03af\u03b6\u03bf\u03c5\u03bd \u03c4\u03b1 \u03bc\u03ac\u03c4\u03b9\u03b1 \u03c3\u03bf\u03c5"", ""status"": ""Bootleg"", ""artist-credit"": [{""name"": ""Various Artists"", ""artist"": {""id"": ""89ad4ac3-39f7-470e-963a-56509c546377"", ""name"": ""Various Artists"", ""sort-name"": ""Various Artists"", ""disambiguation"": ""add compilations to this artist""}}], ""release-group"": {""id"": ""82788f4d-0bdd-4582-a82b-873f640384b5"", ""type-id"": ""dd2a21e1-0c00-3729-a7a0-de60b84eb5d1"", ""primary-type-id"": ""f529b476-6e62-324f-b0aa-1f3e33d313fc"", ""title"": ""\u03a4\u03bf \u03c1\u03bf\u03ba \u03c0\u03bf\u03c5 \u03c0\u03b1\u03af\u03b6\u03bf\u03c5\u03bd \u03c4\u03b1 \u03bc\u03ac\u03c4\u03b9\u03b1 \u03c3\u03bf\u03c5"", ""primary-type"": ""Album"", ""secondary-types"": [""Compilation""], ""secondary-type-ids"": [""dd2a21e1-0c00-3729-a7a0-de60b84eb5d1""]}, ""date"": ""2016"", ""country"": ""GR"", ""release-events"": [{""date"": ""2016"", ""area"": {""id"": ""803db0ca-b6ed-3bbc-aeb8-f89efd0a2168"", ""name"": ""Greece"", ""sort-name"": ""Greece"", ""iso-3166-1-codes"": [""GR""]}}], ""track-count"": 168, ""media"": [{""id"": ""b42c14c1-4574-4961-90e6-e225cb6bd510"", ""position"": 1, ""format"": ""Digital Media"", ""track"": [{""id"": ""2534e695-ceac-48da-b063-a3bcedae06e6"", ""number"": ""160"", ""title"": ""Wicked Game"", ""length"": 244000}], ""track-count"": 168, ""track-offset"": 159}]}]}"
8daaabf0-198b-4cd0-a446-20d5264d66ca,Wicked Game,Chris Isaak,"{""id"": ""8daaabf0-198b-4cd0-a446-20d5264d66ca"", ""score"": 100, ""artist-credit-id"": ""566efeaa-79d3-3900-981c-9a2cf5735d64"", ""title"": ""Wicked Game"", ""length"": 247000, ""video"": null, ""artist-credit"": [{""name"": ""Chris Isaak"", ""artist"": {""id"": ""479497d4-e7c2-4e78-972e-56e78fac3995"", ""name"": ""Chris Isaak"", ""sort-name"": ""Isaak, Chris"", ""aliases"": [{""sort-name"": ""\u30af\u30ea\u30b9\u30fb\u30a2\u30a4\u30b6\u30c3\u30af"", ""type-id"": ""894afba6-2816-3c24-8072-eadb66bd04bc"", ""name"": ""\u30af\u30ea\u30b9\u30fb\u30a2\u30a4\u30b6\u30c3\u30af"", ""locale"": ""ja"", ""type"": ""Artist name"", ""primary"": true, ""begin-date"": null, ""end-date"": null}, {""sort-name"": ""Isaak, Christopher Joseph"", ""type-id"": ""d4dcd0c0-b341-3612-a332-c0ce797b25cf"", ""name"": ""Christopher Joseph Isaak"", ""locale"": null, ""type"": ""Legal name"", ""primary"": null, ""begin-date"": null, ""end-date"": null}, {""sort-name"": ""Chris Issak"", ""name"": ""Chris Issak"", ""locale"": null, ""type"": null, ""primary"": null, ""begin-date"": null, ""end-date"": null}, {""sort-name"": ""Chris Isaac"", ""name"": ""Chris Isaac"", ""locale"": null, ""type"": null, ""primary"": null, ""begin-date"": null, ""end-date"": null}]}}], ""first-release-date"": ""1990-08-07"", ""releases"": [{""id"": ""86bd4782-ad83-4527-bcad-fee425eb2fd8"", ""status-id"": ""4e304316-386d-3409-af2e-78857eec5cfe"", ""artist-credit-id"": ""949a7fd5-fe73-3e8f-922e-01ff4ca958f7"", ""count"": 1, ""title"": ""Wild at Heart: Original Motion Picture Soundtrack"", ""status"": ""Official"", ""artist-credit"": [{""name"": ""Various Artists"", ""artist"": {""id"": ""89ad4ac3-39f7-470e-963a-56509c546377"", ""name"": ""Various Artists"", ""sort-name"": ""Various Artists"", ""disambiguation"": ""add compilations to this artist""}}], ""release-group"": {""id"": ""62ad0e64-c33e-339a-97b6-b4556dfedd43"", ""type-id"": ""22a628ad-c082-3c4f-b1b6-d41665107b88"", ""primary-type-id"": ""f529b476-6e62-324f-b0aa-1f3e33d313fc"", ""title"": ""Wild at Heart: Original Motion Picture Soundtrack"", ""primary-type"": ""Album"", ""secondary-types"": [""Soundtrack""], ""secondary-type-ids"": [""22a628ad-c082-3c4f-b1b6-d41665107b88""]}, ""date"": ""1990"", ""country"": ""XE"", ""release-events"": [{""date"": ""1990"", ""area"": {""id"": ""89a675c2-3e37-3518-b83c-418bad59a85a"", ""name"": ""Europe"", ""sort-name"": ""Europe"", ""iso-3166-1-codes"": [""XE""]}}], ""track-count"": 15, ""media"": [{""id"": ""4eb0fdff-232b-3e3e-abbe-0e3c061091a1"", ""position"": 1, ""format"": ""12\"" Vinyl"", ""track"": [{""id"": ""35b0818a-0af8-4dd8-8a42-a76fb6521f8e"", ""number"": ""7"", ""title"": ""Wicked Game"", ""length"": 247266}], ""track-count"": 15, ""track-offset"": 6}]}, {""id"": ""d60278c2-bfc3-44dc-b2e6-62e2af0184c1"", ""status-id"": ""4e304316-386d-3409-af2e-78857eec5cfe"", ""artist-credit-id"": ""949a7fd5-fe73-3e8f-922e-01ff4ca958f7"", ""count"": 2, ""title"": ""In Love: Greatest Love 5"", ""status"": ""Official"", ""artist-credit"": [{""name"": ""Various Artists"", ""artist"": {""id"": ""89ad4ac3-39f7-470e-963a-56509c546377"", ""name"": ""Various Artists"", ""sort-name"": ""Various Artists"", ""disambiguation"": ""add compilations to this artist""}}], ""release-group"": {""id"": ""dd15f84f-da37-3237-a28d-ff6e6f3895cc"", ""type-id"": ""dd2a21e1-0c00-3729-a7a0-de60b84eb5d1"", ""primary-type-id"": ""f529b476-6e62-324f-b0aa-1f3e33d313fc"", ""title"": ""In Love: Greatest Love 5"", ""primary-type"": ""Album"", ""secondary-types"": [""Compilation""], ""secondary-type-ids"": [""dd2a21e1-0c00-3729-a7a0-de60b84eb5d1""]}, ""date"": ""1991"", ""country"": ""GB"", ""release-events"": [{""date"": ""1991"", ""area"": {""id"": ""8a754a16-0027-3a29-b6d7-2b40ea0481ed"", ""name"": ""United Kingdom"", ""sort-name"": ""United Kingdom"", ""iso-3166-1-codes"": [""GB""]}}], ""track-count"": 30, ""media"": [{""id"": ""aa8d9c9d-d217-326c-948b-a8b239244aa9"", ""position"": 2, ""format"": ""CD"", ""track"": [{""id"": ""82c6ce2d-f161-305d-9de7-2674ec483bcb"", ""number"": ""1"", ""title"": ""Wicked Game"", ""length"": 247000}], ""track-count"": 15, ""track-offset"": 0}]}, {""id"": ""50a963f5-ea89-4a33-a874-9a170be2e565"", ""status-id"": ""4e304316-386d-3409-af2e-78857eec5cfe"", ""artist-credit-id"": ""949a7fd5-fe73-3e8f-922e-01ff4ca958f7"", ""count"": 2, ""title"": ""Magic Moments"", ""status"": ""Official"", ""artist-credit"": [{""name"": ""Various Artists"", ""artist"": {""id"": ""89ad4ac3-39f7-470e-963a-56509c546377"", ""name"": ""Various Artists"", ""sort-name"": ""Various Artists"", ""disambiguation"": ""add compilations to this artist""}}], ""release-group"": {""id"": ""b912cae7-e5c2-3da2-b14b-f45cb12f78de"", ""type-id"": ""dd2a21e1-0c00-3729-a7a0-de60b84eb5d1"", ""primary-type-id"": ""f529b476-6e62-324f-b0aa-1f3e33d313fc"", ""title"": ""Magic Moments"", ""primary-type"": ""Album"", ""secondary-types"": [""Compilation""], ""secondary-type-ids"": [""dd2a21e1-0c00-3729-a7a0-de60b84eb5d1""]}, ""date"": ""1992"", ""country"": ""US"", ""release-events"": [{""date"": ""1992"", ""area"": {""id"": ""489ce91b-6658-3307-9877-795b68554c98"", ""name"": ""United States"", ""sort-name"": ""United States"", ""iso-3166-1-codes"": [""US""]}}], ""track-count"": 40, ""media"": [{""id"": ""c5b74ecb-f5c2-370b-9c5c-25679a25a1a6"", ""position"": 2, ""format"": ""CD"", ""track"": [{""id"": ""89c72ebd-f1f1-324e-a626-84b603e3a1f8"", ""number"": ""6"", ""title"": ""Wicked Game"", ""length"": 247293}], ""track-count"": 20, ""track-offset"": 5}]}, {""id"": ""cdc44bc3-6f87-4342-994c-7dedb89013fa"", ""status-id"": ""4e304316-386d-3409-af2e-78857eec5cfe"", ""artist-credit-id"": ""949a7fd5-fe73-3e8f-922e-01ff4ca958f7"", ""count"": 1, ""title"": ""Burning Hearts"", ""status"": ""Official"", ""artist-credit"": [{""name"": ""Various Artists"", ""artist"": {""id"": ""89ad4ac3-39f7-470e-963a-56509c546377"", ""name"": ""Various Artists"", ""sort-name"": ""Various Artists"", ""disambiguation"": ""add compilations to this artist""}}], ""release-group"": {""id"": ""01912ca3-1b50-3704-949e-1c9746cb3c29"", ""type-id"": ""dd2a21e1-0c00-3729-a7a0-de60b84eb5d1"", ""primary-type-id"": ""f529b476-6e62-324f-b0aa-1f3e33d313fc"", ""title"": ""Burning Hearts"", ""primary-type"": ""Album"", ""secondary-types"": [""Compilation""], ""secondary-type-ids"": [""dd2a21e1-0c00-3729-a7a0-de60b84eb5d1""]}, ""date"": ""1991"", ""country"": ""GB"", ""release-events"": [{""date"": ""1991"", ""area"": {""id"": ""8a754a16-0027-3a29-b6d7-2b40ea0481ed"", ""name"": ""United Kingdom"", ""sort-name"": ""United Kingdom"", ""iso-3166-1-codes"": [""GB""]}}], ""track-count"": 18, ""media"": [{""id"": ""e5aeba7c-4568-392f-aafc-09a0f548910d"", ""position"": 1, ""format"": ""CD"", ""track"": [{""id"": ""2c364631-9bbf-3add-a1fc-6de8cad6682b"", ""number"": ""17"", ""title"": ""Wicked Game"", ""length"": 245000}], ""track-count"": 18, ""track-offset"": 16}]}, {""id"": ""2966564e-72ad-4b3c-992c-0d36e375b5d9"", ""status-id"": ""4e304316-386d-3409-af2e-78857eec5cfe"", ""artist-credit-id"": ""566efeaa-79d3-3900-981c-9a2cf5735d64"", ""count"": 1, ""title"": ""Wicked Game"", ""status"": ""Official"", ""artist-credit"": [{""name"": ""Chris Isaak"", ""artist"": {""id"": ""479497d4-e7c2-4e78-972e-56e78fac3995"", ""name"": ""Chris Isaak"", ""sort-name"": ""Isaak, Chris""}}], ""release-group"": {""id"": ""90fb7a7c-d663-3af2-b20b-3350fcde66c5"", ""type-id"": ""d6038452-8ee0-3f68-affc-2de9a1ede0b9"", ""primary-type-id"": ""d6038452-8ee0-3f68-affc-2de9a1ede0b9"", ""title"": ""Wicked Game"", ""primary-type"": ""Single""}, ""date"": ""1990"", ""country"": ""GB"", ""release-events"": [{""date"": ""1990"", ""area"": {""id"": ""8a754a16-0027-3a29-b6d7-2b40ea0481ed"", ""name"": ""United Kingdom"", ""sort-name"": ""United Kingdom"", ""iso-3166-1-codes"": [""GB""]}}], ""track-count"": 3, ""media"": [{""id"": ""4b346ea0-5110-39fe-b7bb-4e1672e9ac3d"", ""position"": 1, ""format"": ""CD"", ""track"": [{""id"": ""66fe2a35-c26e-3ba5-9aec-df15e1a7fdee"", ""number"": ""1"", ""title"": ""Wicked Game"", ""length"": 246866}], ""track-count"": 3, ""track-offset"": 0}]}, {""id"": ""c1aa746d-25ef-4665-8f81-8ad247cbcd18"", ""status-id"": ""4e304316-386d-3409-af2e-78857eec5cfe"", ""artist-credit-id"": ""949a7fd5-fe73-3e8f-922e-01ff4ca958f7"", ""count"": 1, ""title"": ""Love at the Movies"", ""status"": ""Official"", ""artist-credit"": [{""name"": ""Various Artists"", ""artist"": {""id"": ""89ad4ac3-39f7-470e-963a-56509c546377"", ""name"": ""Various Artists"", ""sort-name"": ""Various Artists"", ""disambiguation"": ""add compilations to this artist""}}], ""release-group"": {""id"": ""e252f6f2-34b4-336a-9ed7-ae42f6ec65f9"", ""type-id"": ""dd2a21e1-0c00-3729-a7a0-de60b84eb5d1"", ""primary-type-id"": ""f529b476-6e62-324f-b0aa-1f3e33d313fc"", ""title"": ""Love at the Movies"", ""primary-type"": ""Album"", ""secondary-types"": [""Compilation""], ""secondary-type-ids"": [""dd2a21e1-0c00-3729-a7a0-de60b84eb5d1""]}, ""date"": ""1991"", ""country"": ""FR"", ""release-events"": [{""date"": ""1991"", ""area"": {""id"": ""08310658-51eb-3801-80de-5a0739207115"", ""name"": ""France"", ""sort-name"": ""France"", ""iso-3166-1-codes"": [""FR""]}}], ""track-count"": 16, ""media"": [{""id"": ""f1569dc5-09e5-3b30-9411-505672d8aa3e"", ""position"": 1, ""format"": ""CD"", ""track"": [{""id"": ""5396e4b8-e1d5-3f9c-88d9-03392583f298"", ""number"": ""3"", ""title"": ""Wicked Game"", ""length"": 248040}], ""track-count"": 16, ""track-offset"": 2}]}, {""id"": ""0ba0135a-a9c7-4a65-91ae-38dba9b5a8fc"", ""status-id"": ""4e304316-386d-3409-af2e-78857eec5cfe"", ""artist-credit-id"": ""949a7fd5-fe73-3e8f-922e-01ff4ca958f7"", ""count"": 2, ""title"": ""The Brits 1991: The Magic of British Music"", ""status"": ""Official"", ""artist-credit"": [{""name"": ""Various Artists"", ""artist"": {""id"": ""89ad4ac3-39f7-470e-963a-56509c546377"", ""name"": ""Various Artists"", ""sort-name"": ""Various Artists"", ""disambiguation"": ""add compilations to this artist""}}], ""release-group"": {""id"": ""9dd1f0e6-9481-3462-8ff3-81c533cebe26"", ""type-id"": ""dd2a21e1-0c00-3729-a7a0-de60b84eb5d1"", ""primary-type-id"": ""f529b476-6e62-324f-b0aa-1f3e33d313fc"", ""title"": ""The Brits 1991: The Magic of British Music"", ""primary-type"": ""Album"", ""secondary-types"": [""Compilation""], ""secondary-type-ids"": [""dd2a21e1-0c00-3729-a7a0-de60b84eb5d1""]}, ""date"": ""1991"", ""country"": ""GB"", ""release-events"": [{""date"": ""1991"", ""area"": {""id"": ""8a754a16-0027-3a29-b6d7-2b40ea0481ed"", ""name"": ""United Kingdom"", ""sort-name"": ""United Kingdom"", ""iso-3166-1-codes"": [""GB""]}}], ""track-count"": 29, ""media"": [{""id"": ""2b40e43b-9128-3434-a413-4ea8b9f2be96"", ""position"": 1, ""format"": ""CD"", ""track"": [{""id"": ""ed4bde5f-08ee-34b6-b572-737940bee332"", ""number"": ""7"", ""title"": ""Wicked Game"", ""length"": 246533}], ""track-count"": 14, ""track-offset"": 6}]}, {""id"": ""c8a5a17a-948c-3e92-901e-939fc337985a"", ""status-id"": ""4e304316-386d-3409-af2e-78857eec5cfe"", ""artist-credit-id"": ""949a7fd5-fe73-3e8f-922e-01ff4ca958f7"", ""count"": 1, ""title"": ""Wild at Heart: Original Motion Picture Soundtrack"", ""status"": ""Official"", ""artist-credit"": [{""name"": ""Various Artists"", ""artist"": {""id"": ""89ad4ac3-39f7-470e-963a-56509c546377"", ""name"": ""Various Artists"", ""sort-name"": ""Various Artists"", ""disambiguation"": ""add compilations to this artist""}}], ""release-group"": {""id"": ""62ad0e64-c33e-339a-97b6-b4556dfedd43"", ""type-id"": ""22a628ad-c082-3c4f-b1b6-d41665107b88"", ""primary-type-id"": ""f529b476-6e62-324f-b0aa-1f3e33d313fc"", ""title"": ""Wild at Heart: Original Motion Picture Soundtrack"", ""primary-type"": ""Album"", ""secondary-types"": [""Soundtrack""], ""secondary-type-ids"": [""22a628ad-c082-3c4f-b1b6-d41665107b88""]}, ""date"": ""1990-08-07"", ""country"": ""US"", ""release-events"": [{""date"": ""1990-08-07"", ""area"": {""id"": ""489ce91b-6658-3307-9877-795b68554c98"", ""name"": ""United States"", ""sort-name"": ""United States"", ""iso-3166-1-codes"": [""US""]}}], ""track-count"": 15, ""media"": [{""id"": ""c016ed4b-0d8a-32c1-b110-1f8b1231a59a"", ""position"": 1, ""format"": ""CD"", ""track"": [{""id"": ""010d55df-fbcf-3fd0-8e44-71b0cca273fb"", ""number"": ""7"", ""title"": ""Wicked Game"", ""length"": 247266}], ""track-count"": 15, ""track-offset"": 6}]}, {""id"": ""d0a60576-4126-4b25-8e2b-63691be9ca51"", ""status-id"": ""4e304316-386d-3409-af2e-78857eec5cfe"", ""artist-credit-id"": ""566efeaa-79d3-3900-981c-9a2cf5735d64"", ""count"": 1, ""title"": ""Wicked Game"", ""status"": ""Official"", ""artist-credit"": [{""name"": ""Chris Isaak"", ""artist"": {""id"": ""479497d4-e7c2-4e78-972e-56e78fac3995"", ""name"": ""Chris Isaak"", ""sort-name"": ""Isaak, Chris""}}], ""release-group"": {""id"": ""90fb7a7c-d663-3af2-b20b-3350fcde66c5"", ""type-id"": ""d6038452-8ee0-3f68-affc-2de9a1ede0b9"", ""primary-type-id"": ""d6038452-8ee0-3f68-affc-2de9a1ede0b9"", ""title"": ""Wicked Game"", ""primary-type"": ""Single""}, ""date"": ""1990"", ""country"": ""GB"", ""release-events"": [{""date"": ""1990"", ""area"": {""id"": ""8a754a16-0027-3a29-b6d7-2b40ea0481ed"", ""name"": ""United Kingdom"", ""sort-name"": ""United Kingdom"", ""iso-3166-1-codes"": [""GB""]}}], ""track-count"": 3, ""media"": [{""id"": ""b4a465ba-4c5f-30b3-8aa6-3807dac66bda"", ""position"": 1, ""format"": ""CD"", ""track"": [{""id"": ""17e36814-1025-3e1c-90d1-8ef5847965dc"", ""number"": ""1"", ""title"": ""Wicked Game"", ""length"": 246000}], ""track-count"": 3, ""track-offset"": 0}]}, {""id"": ""37777389-f0f5-3a49-9f73-5aeb56c7a31c"", ""status-id"": ""4e304316-386d-3409-af2e-78857eec5cfe"", ""artist-credit-id"": ""566efeaa-79d3-3900-981c-9a2cf5735d64"", ""count"": 1, ""title"": ""Wicked Game"", ""status"": ""Official"", ""artist-credit"": [{""name"": ""Chris Isaak"", ""artist"": {""id"": ""479497d4-e7c2-4e78-972e-56e78fac3995"", ""name"": ""Chris Isaak"", ""sort-name"": ""Isaak, Chris""}}], ""release-group"": {""id"": ""90fb7a7c-d663-3af2-b20b-3350fcde66c5"", ""type-id"": ""d6038452-8ee0-3f68-affc-2de9a1ede0b9"", ""primary-type-id"": ""d6038452-8ee0-3f68-affc-2de9a1ede0b9"", ""title"": ""Wicked Game"", ""primary-type"": ""Single""}, ""date"": ""1990"", ""country"": ""GB"", ""release-events"": [{""date"": ""1990"", ""area"": {""id"": ""8a754a16-0027-3a29-b6d7-2b40ea0481ed"", ""name"": ""United Kingdom"", ""sort-name"": ""United Kingdom"", ""iso-3166-1-codes"": [""GB""]}}], ""track-count"": 3, ""media"": [{""id"": ""65c0e8b5-0b1f-3c09-8fd4-b2750c186670"", ""position"": 1, ""format"": ""Vinyl"", ""track"": [{""id"": ""787eaf5d-1ac8-3d6c-a80c-49395602cbd2"", ""number"": ""1"", ""title"": ""Wicked Game"", ""length"": 246000}], ""track-count"": 3, ""track-offset"": 0}]}, {""id"": ""13cfea82-daa7-43d6-80aa-f9b272520676"", ""status-id"": ""4e304316-386d-3409-af2e-78857eec5cfe"", ""artist-credit-id"": ""949a7fd5-fe73-3e8f-922e-01ff4ca958f7"", ""count"": 1, ""title"": ""Wild at Heart"", ""status"": ""Official"", ""artist-credit"": [{""name"": ""Various Artists"", ""artist"": {""id"": ""89ad4ac3-39f7-470e-963a-56509c546377"", ""name"": ""Various Artists"", ""sort-name"": ""Various Artists"", ""disambiguation"": ""add compilations to this artist""}}], ""release-group"": {""id"": ""62ad0e64-c33e-339a-97b6-b4556dfedd43"", ""type-id"": ""22a628ad-c082-3c4f-b1b6-d41665107b88"", ""primary-type-id"": ""f529b476-6e62-324f-b0aa-1f3e33d313fc"", ""title"": ""Wild at Heart: Original Motion Picture Soundtrack"", ""primary-type"": ""Album"", ""secondary-types"": [""Soundtrack""], ""secondary-type-ids"": [""22a628ad-c082-3c4f-b1b6-d41665107b88""]}, ""date"": ""1990"", ""country"": ""GB"", ""release-events"": [{""date"": ""1990"", ""area"": {""id"": ""8a754a16-0027-3a29-b6d7-2b40ea0481ed"", ""name"": ""United Kingdom"", ""sort-name"": ""United Kingdom"", ""iso-3166-1-codes"": [""GB""]}}], ""track-count"": 15, ""media"": [{""id"": ""32faf8b3-ef80-3608-8efa-026df760668a"", ""position"": 1, ""format"": ""CD"", ""track"": [{""id"": ""61921107-3bc1-3406-93e6-ff0ede2e7017"", ""number"": ""7"", ""title"": ""Wicked Game"", ""length"": 247266}], ""track-count"": 15, ""track-offset"": 6}]}, {""id"": ""5a83f03e-3526-4106-b0a3-d44fe6522598"", ""status-id"": ""4e304316-386d-3409-af2e-78857eec5cfe"", ""artist-credit-id"": ""949a7fd5-fe73-3e8f-922e-01ff4ca958f7"", ""count"": 1, ""title"": ""Wild at Heart"", ""status"": ""Official"", ""artist-credit"": [{""name"": ""Various Artists"", ""artist"": {""id"": ""89ad4ac3-39f7-470e-963a-56509c546377"", ""name"": ""Various Artists"", ""sort-name"": ""Various Artists"", ""disambiguation"": ""add compilations to this artist""}}], ""release-group"": {""id"": ""62ad0e64-c33e-339a-97b6-b4556dfedd43"", ""type-id"": ""22a628ad-c082-3c4f-b1b6-d41665107b88"", ""primary-type-id"": ""f529b476-6e62-324f-b0aa-1f3e33d313fc"", ""title"": ""Wild at Heart: Original Motion Picture Soundtrack"", ""primary-type"": ""Album"", ""secondary-types"": [""Soundtrack""], ""secondary-type-ids"": [""22a628ad-c082-3c4f-b1b6-d41665107b88""]}, ""date"": ""1995"", ""country"": ""DE"", ""release-events"": [{""date"": ""1995"", ""area"": {""id"": ""85752fda-13c4-31a3-bee5-0e5cb1f51dad"", ""name"": ""Germany"", ""sort-name"": ""Germany"", ""iso-3166-1-codes"": [""DE""]}}], ""track-count"": 15, ""media"": [{""id"": ""133f185c-ca56-3f2c-8229-57ca603b77a6"", ""position"": 1, ""format"": ""CD"", ""track"": [{""id"": ""6ed7ea58-72b1-4a53-aae8-8c278fdaeabe"", ""number"": ""7"", ""title"": ""Wicked Game"", ""length"": 247266}], ""track-count"": 15, ""track-offset"": 6}]}], ""tags"": [{""count"": 2, ""name"": ""rock""}, {""count"": 1, ""name"": ""soundtrack""}, {""count"": 2, ""name"": ""pop""}, {""count"": 1, ""name"": ""singer-songwriter""}, {""count"": 1, ""name"": ""blues rock""}, {""count"": 1, ""name"": ""ballad""}, {""count"": 1, ""name"": ""soft rock""}, {""count"": 1, ""name"": ""rock and roll""}, {""count"": 1, ""name"": ""movie soundtrack""}, {""count"": 1, ""name"": ""adult alternative rock""}, {""count"": 1, ""name"": ""rock & roll""}]}"
203ba510-daa7-4389-9ca8-0af3700ef784,Wicked Game,Chris Isaak,"{""id"": ""203ba510-daa7-4389-9ca8-0af3700ef784"", ""score"": 100, ""artist-credit-id"": ""566efeaa-79d3-3900-981c-9a2cf5735d64"", ""title"": ""Wicked Game"", ""length"": 288626, ""video"": null, ""artist-credit"": [{""name"": ""Chris Isaak"", ""artist"": {""id"": ""479497d4-e7c2-4e78-972e-56e78fac3995"", ""name"": ""Chris Isaak"", ""sort-name"": ""Isaak, Chris"", ""aliases"": [{""sort-name"": ""\u30af\u30ea\u30b9\u30fb\u30a2\u30a4\u30b6\u30c3\u30af"", ""type-id"": ""894afba6-2816-3c24-8072-eadb66bd04bc"", ""name"": ""\u30af\u30ea\u30b9\u30fb\u30a2\u30a4\u30b6\u30c3\u30af"", ""locale"": ""ja"", ""type"": ""Artist name"", ""primary"": true, ""begin-date"": null, ""end-date"": null}, {""sort-name"": ""Isaak, Christopher Joseph"", ""type-id"": ""d4dcd0c0-b341-3612-a332-c0ce797b25cf"", ""name"": ""Christopher Joseph Isaak"", ""locale"": null, ""type"": ""Legal name"", ""primary"": null, ""begin-date"": null, ""end-date"": null}, {""sort-name"": ""Chris Issak"", ""name"": ""Chris Issak"", ""locale"": null, ""type"": null, ""primary"": null, ""begin-date"": null, ""end-date"": null}, {""sort-name"": ""Chris Isaac"", ""name"": ""Chris Isaac"", ""locale"": null, ""type"": null, ""primary"": null, ""begin-date"": null, ""end-date"": null}]}}], ""first-release-date"": ""1989-06-06"", ""releases"": [{""id"": ""86f16041-ca77-41e7-a9be-389cfe0591c2"", ""status-id"": ""4e304316-386d-3409-af2e-78857eec5cfe"", ""artist-credit-id"": ""949a7fd5-fe73-3e8f-922e-01ff4ca958f7"", ""count"": 1, ""title"": ""1991 Best Of by uDiscover"", ""status"": ""Official"", ""artist-credit"": [{""name"": ""Various Artists"", ""artist"": {""id"": ""89ad4ac3-39f7-470e-963a-56509c546377"", ""name"": ""Various Artists"", ""sort-name"": ""Various Artists"", ""disambiguation"": ""add compilations to this artist""}}], ""release-group"": {""id"": ""c25a94f3-240f-4dfa-884c-650ed8363275"", ""type-id"": ""dd2a21e1-0c00-3729-a7a0-de60b84eb5d1"", ""primary-type-id"": ""f529b476-6e62-324f-b0aa-1f3e33d313fc"", ""title"": ""1991 Best Of by uDiscover"", ""primary-type"": ""Album"", ""secondary-types"": [""Compilation""], ""secondary-type-ids"": [""dd2a21e1-0c00-3729-a7a0-de60b84eb5d1""]}, ""track-count"": 68, ""media"": [{""id"": ""ca3d966b-5dd7-48b7-ba84-9699b43eff49"", ""position"": 1, ""format"": ""Digital Media"", ""track"": [{""id"": ""e72d8c4d-cd39-4dd0-bd53-5f66058dcf0b"", ""number"": ""2"", ""title"": ""Wicked Game"", ""length"": 289066}], ""track-count"": 68, ""track-offset"": 1}]}, {""id"": ""75026df8-a2ea-4df9-bf79-42a151985008"", ""status-id"": ""4e304316-386d-3409-af2e-78857eec5cfe"", ""artist-credit-id"": ""949a7fd5-fe73-3e8f-922e-01ff4ca958f7"", ""count"": 1, ""title"": ""1991 Best Of by uDiscover"", ""status"": ""Official"", ""artist-credit"": [{""name"": ""Various Artists"", ""artist"": {""id"": ""89ad4ac3-39f7-470e-963a-56509c546377"", ""name"": ""Various Artists"", ""sort-name"": ""Various Artists"", ""disambiguation"": ""add compilations to this artist""}}], ""release-group"": {""id"": ""c25a94f3-240f-4dfa-884c-650ed8363275"", ""type-id"": ""dd2a21e1-0c00-3729-a7a0-de60b84eb5d1"", ""primary-type-id"": ""f529b476-6e62-324f-b0aa-1f3e33d313fc"", ""title"": ""1991 Best Of by uDiscover"", ""primary-type"": ""Album"", ""secondary-types"": [""Compilation""], ""secondary-type-ids"": [""dd2a21e1-0c00-3729-a7a0-de60b84eb5d1""]}, ""track-count"": 69, ""media"": [{""id"": ""25dd46c9-a202-4ab3-85a3-170eda7ede1e"", ""position"": 1, ""format"": ""Digital Media"", ""track"": [{""id"": ""5de86a61-fffb-4ef2-a680-e29066584fa0"", ""number"": ""2"", ""title"": ""Wicked Game"", ""length"": 286880}], ""track-count"": 69, ""track-offset"": 1}]}, {""id"": ""fde178d8-7aa7-4332-9301-cbe14325e98e"", ""status-id"": ""4e304316-386d-3409-af2e-78857eec5cfe"", ""artist-credit-id"": ""949a7fd5-fe73-3e8f-922e-01ff4ca958f7"", ""count"": 3, ""title"": ""Hits from the Movies"", ""status"": ""Official"", ""artist-credit"": [{""name"": ""Various Artists"", ""artist"": {""id"": ""89ad4ac3-39f7-470e-963a-56509c546377"", ""name"": ""Various Artists"", ""sort-name"": ""Various Artists"", ""disambiguation"": ""add compilations to this artist""}}], ""release-group"": {""id"": ""df82f59a-7551-482f-97b4-8a206108a8c7"", ""type-id"": ""dd2a21e1-0c00-3729-a7a0-de60b84eb5d1"", ""primary-type-id"": ""f529b476-6e62-324f-b0aa-1f3e33d313fc"", ""title"": ""Hits from the Movies"", ""primary-type"": ""Album"", ""secondary-types"": [""Compilation""], ""secondary-type-ids"": [""dd2a21e1-0c00-3729-a7a0-de60b84eb5d1""]}, ""date"": ""1996"", ""country"": ""US"", ""release-events"": [{""date"": ""1996"", ""area"": {""id"": ""489ce91b-6658-3307-9877-795b68554c98"", ""name"": ""United States"", ""sort-name"": ""United States"", ""iso-3166-1-codes"": [""US""]}}], ""track-count"": 30, ""media"": [{""id"": ""cf3e8718-3a5b-46ae-a1aa-98ebd9a7a98a"", ""position"": 1, ""format"": ""CD"", ""track"": [{""id"": ""2863133f-fb16-4960-a22a-2e2b7e8ff3cf"", ""number"": ""5"", ""title"": ""Wicked Game"", ""length"": 286000}], ""track-count"": 10, ""track-offset"": 4}]}, {""id"": ""b7836a41-fb02-4ae3-8c7a-e9b1261b64fb"", ""status-id"": ""4e304316-386d-3409-af2e-78857eec5cfe"", ""artist-credit-id"": ""949a7fd5-fe73-3e8f-922e-01ff4ca958f7"", ""count"": 3, ""title"": ""NOW Yearbook 1990"", ""status"": ""Official"", ""disambiguation"": ""gorgeous translucent orange vinyl"", ""artist-credit"": [{""name"": ""Various Artists"", ""artist"": {""id"": ""89ad4ac3-39f7-470e-963a-56509c546377"", ""name"": ""Various Artists"", ""sort-name"": ""Various Artists"", ""disambiguation"": ""add compilations to this artist""}}], ""release-group"": {""id"": ""f3a8b8c5-347c-41e4-a365-86159bcb8d2c"", ""type-id"": ""dd2a21e1-0c00-3729-a7a0-de60b84eb5d1"", ""primary-type-id"": ""f529b476-6e62-324f-b0aa-1f3e33d313fc"", ""title"": ""NOW Yearbook 1990"", ""primary-type"": ""Album"", ""secondary-types"": [""Compilation""], ""secondary-type-ids"": [""dd2a21e1-0c00-3729-a7a0-de60b84eb5d1""]}, ""date"": ""2024-02-02"", ""country"": ""GB"", ""release-events"": [{""date"": ""2024-02-02"", ""area"": {""id"": ""8a754a16-0027-3a29-b6d7-2b40ea0481ed"", ""name"": ""United Kingdom"", ""sort-name"": ""United Kingdom"", ""iso-3166-1-codes"": [""GB""]}}], ""track-count"": 44, ""media"": [{""id"": ""e1c74f55-361f-4d3b-8bb5-d48877b4f718"", ""position"": 1, ""format"": ""12\"" Vinyl"", ""track"": [{""id"": ""05474cce-811b-4de2-9733-a92fab818277"", ""number"": ""B6"", ""title"": ""Wicked Game""}], ""track-count"": 14, ""track-offset"": 12}]}, {""id"": ""83d3b413-1951-4efd-a250-c59659e602de"", ""status-id"": ""4e304316-386d-3409-af2e-78857eec5cfe"", ""artist-credit-id"": ""949a7fd5-fe73-3e8f-922e-01ff4ca958f7"", ""count"": 1, ""title"": ""1991 Best Of by uDiscover"", ""status"": ""Official"", ""artist-credit"": [{""name"": ""Various Artists"", ""artist"": {""id"": ""89ad4ac3-39f7-470e-963a-56509c546377"", ""name"": ""Various Artists"", ""sort-name"": ""Various Artists"", ""disambiguation"": ""add compilations to this artist""}}], ""release-group"": {""id"": ""c25a94f3-240f-4dfa-884c-650ed8363275"", ""type-id"": ""dd2a21e1-0c00-3729-a7a0-de60b84eb5d1"", ""primary-type-id"": ""f529b476-6e62-324f-b0aa-1f3e33d313fc"", ""title"": ""1991 Best Of by uDiscover"", ""primary-type"": ""Album"", ""secondary-types"": [""Compilation""], ""secondary-type-ids"": [""dd2a21e1-0c00-3729-a7a0-de60b84eb5d1""]}, ""date"": ""2025-04-11"", ""country"": ""AL"", ""release-events"": [{""date"": ""2025-04-11"", ""area"": {""id"": ""1c69b790-b46b-3e92-b6b4-93b4364badbc"", ""name"": ""Albania"", ""sort-name"": ""Albania"", ""iso-3166-1-codes"": [""AL""]}}, {""date"": ""2025-04-11"", ""area"": {""id"": ""28242750-534a-326b-8ed6-1b03dfb88cd0"", ""name"": ""Algeria"", ""sort-name"": ""Algeria"", ""iso-3166-1-codes"": [""DZ""]}}, {""date"": ""2025-04-11"", ""area"": {""id"": ""0df04709-c7d8-3b55-a6ea-f3e5069a947b"", ""name"": ""Argentina"", ""sort-name"": ""Argentina"", ""iso-3166-1-codes"": [""AR""]}}, {""date"": ""2025-04-11"", ""area"": {""id"": ""106e0bec-b638-3b37-b731-f53d507dc00e"", ""name"": ""Australia"", ""sort-name"": ""Australia"", ""iso-3166-1-codes"": [""AU""]}}, {""date"": ""2025-04-11"", ""area"": {""id"": ""caac77d1-a5c8-3e6e-8e27-90b44dcc1446"", ""name"": ""Austria"", ""sort-name"": ""Austria"", ""iso-3166-1-codes"": [""AT""]}}, {""date"": ""2025-04-11"", ""area"": {""id"": ""65f4f7a6-d3c1-3a6b-a726-85e147d555b7"", ""name"": ""Bahrain"", ""sort-name"": ""Bahrain"", ""iso-3166-1-codes"": [""BH""]}}, {""date"": ""2025-04-11"", ""area"": {""id"": ""5b8a5ee5-0bb3-34cf-9a75-c27c44e341fc"", ""name"": ""Belgium"", ""sort-name"": ""Belgium"", ""iso-3166-1-codes"": [""BE""]}}, {""date"": ""2025-04-11"", ""area"": {""id"": ""a5aed4a3-8ce1-3ab3-bfee-b008cff6b857"", ""name"": ""Bolivia"", ""sort-name"": ""Bolivia"", ""iso-3166-1-codes"": [""BO""]}}, {""date"": ""2025-04-11"", ""area"": {""id"": ""f2b64f81-6d36-35b3-94b9-5ba53d693914"", ""name"": ""Bosnia and Herzegovina"", ""sort-name"": ""Bosnia and Herzegovina"", ""iso-3166-1-codes"": [""BA""]}}, {""date"": ""2025-04-11"", ""area"": {""id"": ""f45b47f8-5796-386e-b172-6c31b009a5d8"", ""name"": ""Brazil"", ""sort-name"": ""Brazil"", ""iso-3166-1-codes"": [""BR""]}}, {""date"": ""2025-04-11"", ""area"": {""id"": ""114c14ad-9776-34e9-81b0-6299507f3771"", ""name"": ""Bulgaria"", ""sort-name"": ""Bulgaria"", ""iso-3166-1-codes"": [""BG""]}}, {""date"": ""2025-04-11"", ""area"": {""id"": ""ee26e886-87f5-33a2-8e8e-f9591490426d"", ""name"": ""Cambodia"", ""sort-name"": ""Cambodia"", ""iso-3166-1-codes"": [""KH""]}}, {""date"": ""2025-04-11"", ""area"": {""id"": ""bf132644-e3ee-3bfc-9323-7f82824e4945"", ""name"": ""Cameroon"", ""sort-name"": ""Cameroon"", ""iso-3166-1-codes"": [""CM""]}}, {""date"": ""2025-04-11"", ""area"": {""id"": ""71bbafaa-e825-3e15-8ca9-017dcad1748b"", ""name"": ""Canada"", ""sort-name"": ""Canada"", ""iso-3166-1-codes"": [""CA""]}}, {""date"": ""2025-04-11"", ""area"": {""id"": ""82d5f4d6-aed4-3ff5-81d1-5363ac6e97a7"", ""name"": ""Chile"", ""sort-name"": ""Chile"", ""iso-3166-1-codes"": [""CL""]}}, {""date"": ""2025-04-11"", ""area"": {""id"": ""7c81bb69-a99b-3487-b6d4-0f76d7a29ca0"", ""name"": ""China"", ""sort-name"": ""China"", ""iso-3166-1-codes"": [""CN""]}}, {""date"": ""2025-04-11"", ""area"": {""id"": ""02b60d8d-7164-339d-868d-22d147d9f74a"", ""name"": ""Colombia"", ""sort-name"": ""Colombia"", ""iso-3166-1-codes"": [""CO""]}}, {""date"": ""2025-04-11"", ""area"": {""id"": ""ba544658-8266-36cb-ac0e-3bdfbf52cb00"", ""name"": ""Costa Rica"", ""sort-name"": ""Costa Rica"", ""iso-3166-1-codes"": [""CR""]}}, {""date"": ""2025-04-11"", ""area"": {""id"": ""e56e3d7a-4b90-3546-8450-49548050924a"", ""name"": ""C\u00f4te d'Ivoire"", ""sort-name"": ""C\u00f4te d'Ivoire"", ""iso-3166-1-codes"": [""CI""]}}, {""date"": ""2025-04-11"", ""area"": {""id"": ""7d30afff-e425-356a-873e-17ae9745b31d"", ""name"": ""Croatia"", ""sort-name"": ""Croatia"", ""iso-3166-1-codes"": [""HR""]}}, {""date"": ""2025-04-11"", ""area"": {""id"": ""a75b525f-8c01-31f6-975e-4a32a2b001d5"", ""name"": ""Cyprus"", ""sort-name"": ""Cyprus"", ""iso-3166-1-codes"": [""CY""]}}, {""date"": ""2025-04-11"", ""area"": {""id"": ""51d34c28-61bf-3d21-849f-7492672a9d44"", ""name"": ""Czechia"", ""sort-name"": ""Czechia"", ""iso-3166-1-codes"": [""CZ""]}}, {""date"": ""2025-04-11"", ""area"": {""id"": ""4757b525-2a60-324a-b060-578765d2c993"", ""name"": ""Denmark"", ""sort-name"": ""Denmark"", ""iso-3166-1-codes"": [""DK""]}}, {""date"": ""2025-04-11"", ""area"": {""id"": ""696cb3e0-5084-30ab-9916-65ece70adbf6"", ""name"": ""Dominican Republic"", ""sort-name"": ""Dominican Republic"", ""iso-3166-1-codes"": [""DO""]}}, {""date"": ""2025-04-11"", ""area"": {""id"": ""967abc0e-f680-3cde-95d0-0b79b977d410"", ""name"": ""Ecuador"", ""sort-name"": ""Ecuador"", ""iso-3166-1-codes"": [""EC""]}}, {""date"": ""2025-04-11"", ""area"": {""id"": ""8e0551f2-95c2-3cc0-a0a9-f2d344f10667"", ""name"": ""Egypt"", ""sort-name"": ""Egypt"", ""iso-3166-1-codes"": [""EG""]}}, {""date"": ""2025-04-11"", ""area"": {""id"": ""f2fa4bfb-97aa-3db4-8d49-cc64969ce1a7"", ""name"": ""El Salvador"", ""sort-name"": ""El Salvador"", ""iso-3166-1-codes"": [""SV""]}}, {""date"": ""2025-04-11"", ""area"": {""id"": ""e1c1215f-dcc0-35b4-b840-d2ca2151593b"", ""name"": ""Estonia"", ""sort-name"": ""Estonia"", ""iso-3166-1-codes"": [""EE""]}}, {""date"": ""2025-04-11"", ""area"": {""id"": ""6a264f94-6ff1-30b1-9a81-41f7bfabd616"", ""name"": ""Finland"", ""sort-name"": ""Finland"", ""iso-3166-1-codes"": [""FI""]}}, {""date"": ""2025-04-11"", ""area"": {""id"": ""08310658-51eb-3801-80de-5a0739207115"", ""name"": ""France"", ""sort-name"": ""France"", ""iso-3166-1-codes"": [""FR""]}}, {""date"": ""2025-04-11"", ""area"": {""id"": ""85752fda-13c4-31a3-bee5-0e5cb1f51dad"", ""name"": ""Germany"", ""sort-name"": ""Germany"", ""iso-3166-1-codes"": [""DE""]}}, {""date"": ""2025-04-11"", ""area"": {""id"": ""cf48f4b4-28f0-39ab-9104-650324a1d1c8"", ""name"": ""Ghana"", ""sort-name"": ""Ghana"", ""iso-3166-1-codes"": [""GH""]}}, {""date"": ""2025-04-11"", ""area"": {""id"": ""803db0ca-b6ed-3bbc-aeb8-f89efd0a2168"", ""name"": ""Greece"", ""sort-name"": ""Greece"", ""iso-3166-1-codes"": [""GR""]}}, {""date"": ""2025-04-11"", ""area"": {""id"": ""01448ddc-6ee3-3fa4-b136-507d984e31ee"", ""name"": ""Guatemala"", ""sort-name"": ""Guatemala"", ""iso-3166-1-codes"": [""GT""]}}, {""date"": ""2025-04-11"", ""area"": {""id"": ""0c3ea915-4e49-34fc-b702-debb216fd7fa"", ""name"": ""Honduras"", ""sort-name"": ""Honduras"", ""iso-3166-1-codes"": [""HN""]}}, {""date"": ""2025-04-11"", ""area"": {""id"": ""0373cdff-eac8-3fbc-92dc-36a607da06d1"", ""name"": ""Hong Kong"", ""sort-name"": ""Hong Kong"", ""iso-3166-1-codes"": [""HK""]}}, {""date"": ""2025-04-11"", ""area"": {""id"": ""312bc5bb-7e43-3e63-81c6-b4d712b37b2c"", ""name"": ""Hungary"", ""sort-name"": ""Hungary"", ""iso-3166-1-codes"": [""HU""]}}, {""date"": ""2025-04-11"", ""area"": {""id"": ""48802a32-075a-3805-a183-277c66047693"", ""name"": ""Iceland"", ""sort-name"": ""Iceland"", ""iso-3166-1-codes"": [""IS""]}}, {""date"": ""2025-04-11"", ""area"": {""id"": ""d31a9a15-537f-3669-ad53-25753ddd2772"", ""name"": ""India"", ""sort-name"": ""India"", ""iso-3166-1-codes"": [""IN""]}}, {""date"": ""2025-04-11"", ""area"": {""id"": ""d3a68bd0-7419-3f99-a5bd-204d6e057089"", ""name"": ""Indonesia"", ""sort-name"": ""Indonesia"", ""iso-3166-1-codes"": [""ID""]}}, {""date"": ""2025-04-11"", ""area"": {""id"": ""390b05d4-11ec-3bce-a343-703a366b34a5"", ""name"": ""Ireland"", ""sort-name"": ""Ireland"", ""iso-3166-1-codes"": [""IE""]}}, {""date"": ""2025-04-11"", ""area"": {""id"": ""03691455-bb46-37e3-91d2-cb064a35ffcc"", ""name"": ""Israel"", ""sort-name"": ""Israel"", ""iso-3166-1-codes"": [""IL""]}}, {""date"": ""2025-04-11"", ""area"": {""id"": ""c6500277-9a3d-349b-bf30-41afdbf42add"", ""name"": ""Italy"", ""sort-name"": ""Italy"", ""iso-3166-1-codes"": [""IT""]}}, {""date"": ""2025-04-11"", ""area"": {""id"": ""2db42837-c832-3c27-b4a3-08198f75693c"", ""name"": ""Japan"", ""sort-name"": ""Japan"", ""iso-3166-1-codes"": [""JP""]}}, {""date"": ""2025-04-11"", ""area"": {""id"": ""023da4a0-acee-3fb1-b91e-5de74ccf787b"", ""name"": ""Kenya"", ""sort-name"": ""Kenya"", ""iso-3166-1-codes"": [""KE""]}}, {""date"": ""2025-04-11"", ""area"": {""id"": ""b9f7d640-46e8-313e-b158-ded6d18593b3"", ""name"": ""South Korea"", ""sort-name"": ""South Korea"", ""iso-3166-1-codes"": [""KR""]}}, {""date"": ""2025-04-11"", ""area"": {""id"": ""f03f2625-dc7d-38b2-a058-4e9ca0e10424"", ""name"": ""Kuwait"", ""sort-name"": ""Kuwait"", ""iso-3166-1-codes"": [""KW""]}}, {""date"": ""2025-04-11"", ""area"": {""id"": ""66eb3e73-d69e-3581-9a23-a73b4c64c8dd"", ""name"": ""Latvia"", ""sort-name"": ""Latvia"", ""iso-3166-1-codes"": [""LV""]}}, {""date"": ""2025-04-11"", ""area"": {""id"": ""8138206e-5786-3f86-a53b-19a7303e7419"", ""name"": ""Lebanon"", ""sort-name"": ""Lebanon"", ""iso-3166-1-codes"": [""LB""]}}, {""date"": ""2025-04-11"", ""area"": {""id"": ""0785dc14-96af-3dc4-bde4-dcdfc2e2d0d6"", ""name"": ""Lithuania"", ""sort-name"": ""Lithuania"", ""iso-3166-1-codes"": [""LT""]}}, {""date"": ""2025-04-11"", ""area"": {""id"": ""563d21b7-4a8e-35e2-83a7-7804baefbfa7"", ""name"": ""Luxembourg"", ""sort-name"": ""Luxembourg"", ""iso-3166-1-codes"": [""LU""]}}, {""date"": ""2025-04-11"", ""area"": {""id"": ""fa75cdb9-cbc4-35de-8bf4-a21e7b811484"", ""name"": ""North Macedonia"", ""sort-name"": ""North Macedonia"", ""iso-3166-1-codes"": [""MK""]}}, {""date"": ""2025-04-11"", ""area"": {""id"": ""305d19c7-c040-349c-8d5f-6ac75d2d2a09"", ""name"": ""Malaysia"", ""sort-name"": ""Malaysia"", ""iso-3166-1-codes"": [""MY""]}}, {""date"": ""2025-04-11"", ""area"": {""id"": ""050c94f7-1413-3a34-bb90-4a94f3bb2084"", ""name"": ""Malta"", ""sort-name"": ""Malta"", ""iso-3166-1-codes"": [""MT""]}}, {""date"": ""2025-04-11"", ""area"": {""id"": ""3e08b2cd-69f3-317c-b1e4-e71be581839e"", ""name"": ""Mexico"", ""sort-name"": ""Mexico"", ""iso-3166-1-codes"": [""MX""]}}, {""date"": ""2025-04-11"", ""area"": {""id"": ""b84d8617-249a-3a06-849d-fc5c25e2249b"", ""name"": ""Morocco"", ""sort-name"": ""Morocco"", ""iso-3166-1-codes"": [""MA""]}}, {""date"": ""2025-04-11"", ""area"": {""id"": ""ef1b7cc0-cd26-36f4-8ea0-04d9623786c7"", ""name"": ""Netherlands"", ""sort-name"": ""Netherlands"", ""iso-3166-1-codes"": [""NL""]}}, {""date"": ""2025-04-11"", ""area"": {""id"": ""d2b87acd-06ce-3c71-b3ff-a35d914bbabe"", ""name"": ""Nicaragua"", ""sort-name"": ""Nicaragua"", ""iso-3166-1-codes"": [""NI""]}}, {""date"": ""2025-04-11"", ""area"": {""id"": ""1e23d84b-202e-3fc8-8c49-debc71e9eb16"", ""name"": ""Nigeria"", ""sort-name"": ""Nigeria"", ""iso-3166-1-codes"": [""NG""]}}, {""date"": ""2025-04-11"", ""area"": {""id"": ""6743d351-6f37-3049-9724-5041161fff4d"", ""name"": ""Norway"", ""sort-name"": ""Norway"", ""iso-3166-1-codes"": [""NO""]}}, {""date"": ""2025-04-11"", ""area"": {""id"": ""7ccdff29-2e00-3e50-9520-b9ea1e918bc2"", ""name"": ""Oman"", ""sort-name"": ""Oman"", ""iso-3166-1-codes"": [""OM""]}}, {""date"": ""2025-04-11"", ""area"": {""id"": ""6f85633b-dff4-3fb4-babd-fb89b3628041"", ""name"": ""Panama"", ""sort-name"": ""Panama"", ""iso-3166-1-codes"": [""PA""]}}, {""date"": ""2025-04-11"", ""area"": {""id"": ""0a750c98-a7a5-3d55-bd52-f6e9011b1537"", ""name"": ""Paraguay"", ""sort-name"": ""Paraguay"", ""iso-3166-1-codes"": [""PY""]}}, {""date"": ""2025-04-11"", ""area"": {""id"": ""719f6082-95c7-3dd5-9503-e143010a6cc1"", ""name"": ""Peru"", ""sort-name"": ""Peru"", ""iso-3166-1-codes"": [""PE""]}}, {""date"": ""2025-04-11"", ""area"": {""id"": ""786532a5-2e36-315a-bdf2-221dc1b64b72"", ""name"": ""Philippines"", ""sort-name"": ""Philippines"", ""iso-3166-1-codes"": [""PH""]}}, {""date"": ""2025-04-11"", ""area"": {""id"": ""dd7f80c8-f017-3d01-8608-2a8c9c32b954"", ""name"": ""Poland"", ""sort-name"": ""Poland"", ""iso-3166-1-codes"": [""PL""]}}, {""date"": ""2025-04-11"", ""area"": {""id"": ""781b0c54-3d54-362d-a941-8a617def4992"", ""name"": ""Portugal"", ""sort-name"": ""Portugal"", ""iso-3166-1-codes"": [""PT""]}}, {""date"": ""2025-04-11"", ""area"": {""id"": ""348dcc25-7bb6-3f75-8739-97eabc84a330"", ""name"": ""Qatar"", ""sort-name"": ""Qatar"", ""iso-3166-1-codes"": [""QA""]}}, {""date"": ""2025-04-11"", ""area"": {""id"": ""61ed84b8-5a10-30a7-8376-ccd51801d6d1"", ""name"": ""Romania"", ""sort-name"": ""Romania"", ""iso-3166-1-codes"": [""RO""]}}, {""date"": ""2025-04-11"", ""area"": {""id"": ""9705be0d-51fb-3990-8726-ec9f56c66ba0"", ""name"": ""Saudi Arabia"", ""sort-name"": ""Saudi Arabia"", ""iso-3166-1-codes"": [""SA""]}}, {""date"": ""2025-04-11"", ""area"": {""id"": ""122bb81f-191e-3798-8be2-4b54ffd7ffa4"", ""name"": ""Senegal"", ""sort-name"": ""Senegal"", ""iso-3166-1-codes"": [""SN""]}}, {""date"": ""2025-04-11"", ""area"": {""id"": ""aa344640-fd57-3960-afb4-84d0d3b69d3d"", ""name"": ""Singapore"", ""sort-name"": ""Singapore"", ""iso-3166-1-codes"": [""SG""]}}, {""date"": ""2025-04-11"", ""area"": {""id"": ""eb52ca74-dd11-37a1-a3fa-154430bf2df2"", ""name"": ""Slovakia"", ""sort-name"": ""Slovakia"", ""iso-3166-1-codes"": [""SK""]}}, {""date"": ""2025-04-11"", ""area"": {""id"": ""5b0b6225-584c-3942-b69d-5efceb9989af"", ""name"": ""Slovenia"", ""sort-name"": ""Slovenia"", ""iso-3166-1-codes"": [""SI""]}}, {""date"": ""2025-04-11"", ""area"": {""id"": ""50cc7852-862e-30ae-aa82-385fe7135b7f"", ""name"": ""South Africa"", ""sort-name"": ""South Africa"", ""iso-3166-1-codes"": [""ZA""]}}, {""date"": ""2025-04-11"", ""area"": {""id"": ""471c46a7-afc5-31c4-923c-d0444f5053a4"", ""name"": ""Spain"", ""sort-name"": ""Spain"", ""iso-3166-1-codes"": [""ES""]}}, {""date"": ""2025-04-11"", ""area"": {""id"": ""6e2d562d-a754-3036-8484-7ac576606e27"", ""name"": ""Sri Lanka"", ""sort-name"": ""Sri Lanka"", ""iso-3166-1-codes"": [""LK""]}}, {""date"": ""2025-04-11"", ""area"": {""id"": ""23d10872-f5ae-3f0c-bf55-332788a16ecb"", ""name"": ""Sweden"", ""sort-name"": ""Sweden"", ""iso-3166-1-codes"": [""SE""]}}, {""date"": ""2025-04-11"", ""area"": {""id"": ""1333ff06-8e3d-3c8e-9f3a-13a2a38b41df"", ""name"": ""Switzerland"", ""sort-name"": ""Switzerland"", ""iso-3166-1-codes"": [""CH""]}}, {""date"": ""2025-04-11"", ""area"": {""id"": ""41637cec-9a4f-389c-86d2-fc6abf3357b5"", ""name"": ""Taiwan"", ""sort-name"": ""Taiwan"", ""iso-3166-1-codes"": [""TW""]}}, {""date"": ""2025-04-11"", ""area"": {""id"": ""ce209e56-cda5-358e-96db-830e3405b675"", ""name"": ""Thailand"", ""sort-name"": ""Thailand"", ""iso-3166-1-codes"": [""TH""]}}, {""date"": ""2025-04-11"", ""area"": {""id"": ""6c290168-f3b9-3adb-9889-b856feb2c26c"", ""name"": ""Trinidad and Tobago"", ""sort-name"": ""Trinidad and Tobago"", ""iso-3166-1-codes"": [""TT""]}}, {""date"": ""2025-04-11"", ""area"": {""id"": ""58955071-67c1-3491-8dec-48d28f824bda"", ""name"": ""Tunisia"", ""sort-name"": ""Tunisia"", ""iso-3166-1-codes"": [""TN""]}}, {""date"": ""2025-04-11"", ""area"": {""id"": ""d3be28b4-41f7-3752-8a05-ed45e1d1e492"", ""name"": ""T\u00fcrkiye"", ""sort-name"": ""T\u00fcrkiye"", ""iso-3166-1-codes"": [""TR""]}}, {""date"": ""2025-04-11"", ""area"": {""id"": ""904768d0-61ca-3c40-93ac-93adc36fef4b"", ""name"": ""Ukraine"", ""sort-name"": ""Ukraine"", ""iso-3166-1-codes"": [""UA""]}}, {""date"": ""2025-04-11"", ""area"": {""id"": ""fe40c648-ba74-3e17-b768-58181d5ee563"", ""name"": ""United Arab Emirates"", ""sort-name"": ""United Arab Emirates"", ""iso-3166-1-codes"": [""AE""]}}, {""date"": ""2025-04-11"", ""area"": {""id"": ""8a754a16-0027-3a29-b6d7-2b40ea0481ed"", ""name"": ""United Kingdom"", ""sort-name"": ""United Kingdom"", ""iso-3166-1-codes"": [""GB""]}}, {""date"": ""2025-04-11"", ""area"": {""id"": ""489ce91b-6658-3307-9877-795b68554c98"", ""name"": ""United States"", ""sort-name"": ""United States"", ""iso-3166-1-codes"": [""US""]}}, {""date"": ""2025-04-11"", ""area"": {""id"": ""ea88d395-87c9-3c47-b49a-114cad41fd39"", ""name"": ""Uruguay"", ""sort-name"": ""Uruguay"", ""iso-3166-1-codes"": [""UY""]}}, {""date"": ""2025-04-11"", ""area"": {""id"": ""2ac90d6b-04fa-3006-8a91-89da01032365"", ""name"": ""Venezuela"", ""sort-name"": ""Venezuela"", ""iso-3166-1-codes"": [""VE""]}}, {""date"": ""2025-04-11"", ""area"": {""id"": ""0158e991-c3c6-374a-9b9d-024bbaff6980"", ""name"": ""Vietnam"", ""sort-name"": ""Vietnam"", ""iso-3166-1-codes"": [""VN""]}}, {""date"": ""2025-04-11"", ""area"": {""id"": ""6f8faf25-44cb-313b-9162-77145cdc192d"", ""name"": ""Montenegro"", ""sort-name"": ""Montenegro"", ""iso-3166-1-codes"": [""ME""]}}, {""date"": ""2025-04-11"", ""area"": {""id"": ""424c1b50-57f8-34af-ab97-313e2ad40058"", ""name"": ""Serbia"", ""sort-name"": ""Serbia"", ""iso-3166-1-codes"": [""RS""]}}, {""date"": ""2025-04-11"", ""area"": {""id"": ""53ccc8be-1551-3e28-965b-7f95465f2093"", ""name"": ""Cura\u00e7ao"", ""sort-name"": ""Cura\u00e7ao"", ""iso-3166-1-codes"": [""CW""]}}, {""date"": ""2025-04-11"", ""area"": {""id"": ""7b6ae6b7-6f4f-43df-aab8-0c72531ea8ae"", ""name"": ""Kosovo"", ""sort-name"": ""Kosovo"", ""iso-3166-1-codes"": [""XK""]}}], ""track-count"": 62, ""media"": [{""id"": ""82262ae4-26dd-42e7-8823-b5554547db69"", ""position"": 1, ""format"": ""Digital Media"", ""track"": [{""id"": ""082fe1bd-e415-4bb7-8c1e-6a418240c21c"", ""number"": ""2"", ""title"": ""Wicked Game"", ""length"": 289066}], ""track-count"": 62, ""track-offset"": 1}]}, {""id"": ""a8aa4240-5472-4e15-8998-37efbc4e46b7"", ""status-id"": ""4e304316-386d-3409-af2e-78857eec5cfe"", ""artist-credit-id"": ""949a7fd5-fe73-3e8f-922e-01ff4ca958f7"", ""count"": 1, ""title"": ""Songs That Feel Like Fall"", ""status"": ""Official"", ""artist-credit"": [{""name"": ""Various Artists"", ""artist"": {""id"": ""89ad4ac3-39f7-470e-963a-56509c546377"", ""name"": ""Various Artists"", ""sort-name"": ""Various Artists"", ""disambiguation"": ""add compilations to this artist""}}], ""release-group"": {""id"": ""1dfe4a71-1117-4c7d-93a4-973387445360"", ""type-id"": ""dd2a21e1-0c00-3729-a7a0-de60b84eb5d1"", ""primary-type-id"": ""f529b476-6e62-324f-b0aa-1f3e33d313fc"", ""title"": ""Songs That Feel Like Fall"", ""primary-type"": ""Album"", ""secondary-types"": [""Compilation""], ""secondary-type-ids"": [""dd2a21e1-0c00-3729-a7a0-de60b84eb5d1""]}, ""track-count"": 47, ""media"": [{""id"": ""75c94e4b-485e-4cf4-99be-3223ab664b05"", ""position"": 1, ""format"": ""Digital Media"", ""track"": [{""id"": ""0f912836-e8e0-442c-955f-b0b809f2e9b4"", ""number"": ""43"", ""title"": ""Wicked Game"", ""length"": 290000}], ""track-count"": 47, ""track-offset"": 42}]}, {""id"": ""a4e790f9-cc0f-4b24-9960-16d71b6049f6"", ""artist-credit-id"": ""949a7fd5-fe73-3e8f-922e-01ff4ca958f7"", ""count"": 2, ""title"": ""Fido Apresenta N\u00famero Um"", ""artist-credit"": [{""name"": ""Various Artists"", ""artist"": {""id"": ""89ad4ac3-39f7-470e-963a-56509c546377"", ""name"": ""Various Artists"", ""sort-name"": ""Various Artists"", ""disambiguation"": ""add compilations to this artist""}}], ""release-group"": {""id"": ""5065a421-a9e6-44d9-b01e-ac8e772db2e2"", ""type-id"": ""dd2a21e1-0c00-3729-a7a0-de60b84eb5d1"", ""primary-type-id"": ""f529b476-6e62-324f-b0aa-1f3e33d313fc"", ""title"": ""Fido Apresenta N\u00famero Um"", ""primary-type"": ""Album"", ""secondary-types"": [""Compilation""], ""secondary-type-ids"": [""dd2a21e1-0c00-3729-a7a0-de60b84eb5d1""]}, ""date"": ""1991"", ""country"": ""PT"", ""release-events"": [{""date"": ""1991"", ""area"": {""id"": ""781b0c54-3d54-362d-a941-8a617def4992"", ""name"": ""Portugal"", ""sort-name"": ""Portugal"", ""iso-3166-1-codes"": [""PT""]}}], ""track-count"": 24, ""media"": [{""id"": ""3c1647f5-acb6-4c98-b398-c4fd63608ddb"", ""position"": 1, ""format"": ""CD"", ""track"": [{""id"": ""db9bf762-0b95-40e0-99d7-8b200ca7ddf2"", ""number"": ""9"", ""title"": ""Wicked Game"", ""length"": 286000}], ""track-count"": 12, ""track-offset"": 8}]}, {""id"": ""82aea6fc-9c7e-4f44-8096-38e452a98000"", ""status-id"": ""4e304316-386d-3409-af2e-78857eec5cfe"", ""artist-credit-id"": ""566efeaa-79d3-3900-981c-9a2cf5735d64"", ""count"": 1, ""title"": ""Heart Shaped World"", ""status"": ""Official"", ""disambiguation"": ""Columbia House club edition"", ""artist-credit"": [{""name"": ""Chris Isaak"", ""artist"": {""id"": ""479497d4-e7c2-4e78-972e-56e78fac3995"", ""name"": ""Chris Isaak"", ""sort-name"": ""Isaak, Chris""}}], ""release-group"": {""id"": ""f6f75c7a-f1bb-3b22-ae18-269bf5bd7f47"", ""type-id"": ""f529b476-6e62-324f-b0aa-1f3e33d313fc"", ""primary-type-id"": ""f529b476-6e62-324f-b0aa-1f3e33d313fc"", ""title"": ""Heart Shaped World"", ""primary-type"": ""Album""}, ""date"": """", ""country"": ""US"", ""release-events"": [{""date"": """", ""area"": {""id"": ""489ce91b-6658-3307-9877-795b68554c98"", ""name"": ""United States"", ""sort-name"": ""United States"", ""iso-3166-1-codes"": [""US""]}}], ""track-count"": 11, ""media"": [{""id"": ""7c17172d-e3e3-40da-89f4-d3714057f406"", ""position"": 1, ""format"": ""CD"", ""track"": [{""id"": ""08dbb89f-0a04-4872-bae9-aea47c5463aa"", ""number"": ""5"", ""title"": ""Wicked Game"", ""length"": 289066}], ""track-count"": 11, ""track-offset"": 4}]}, {""id"": ""bd4a2366-d30c-48fb-8d13-01804e03dfb7"", ""status-id"": ""4e304316-386d-3409-af2e-78857eec5cfe"", ""artist-credit-id"": ""949a7fd5-fe73-3e8f-922e-01ff4ca958f7"", ""count"": 2, ""title"": ""Top Gear"", ""status"": ""Official"", ""artist-credit"": [{""name"": ""Various Artists"", ""artist"": {""id"": ""89ad4ac3-39f7-470e-963a-56509c546377"", ""name"": ""Various Artists"", ""sort-name"": ""Various Artists"", ""disambiguation"": ""add compilations to this artist""}}], ""release-group"": {""id"": ""093c49b5-4f55-37e0-b500-9d7d0d58c5f0"", ""type-id"": ""dd2a21e1-0c00-3729-a7a0-de60b84eb5d1"", ""primary-type-id"": ""f529b476-6e62-324f-b0aa-1f3e33d313fc"", ""title"": ""Top Gear"", ""primary-type"": ""Album"", ""secondary-types"": [""Compilation""], ""secondary-type-ids"": [""dd2a21e1-0c00-3729-a7a0-de60b84eb5d1""]}, ""date"": ""1994"", ""country"": ""GB"", ""release-events"": [{""date"": ""1994"", ""area"": {""id"": ""8a754a16-0027-3a29-b6d7-2b40ea0481ed"", ""name"": ""United Kingdom"", ""sort-name"": ""United Kingdom"", ""iso-3166-1-codes"": [""GB""]}}], ""track-count"": 36, ""media"": [{""id"": ""e3e5ba4a-ddbd-3615-98e0-5a0e9a27defb"", ""position"": 2, ""format"": ""CD"", ""track"": [{""id"": ""1974b0d4-577f-3800-a3c9-ad334c8a727f"", ""number"": ""17"", ""title"": ""Wicked Game"", ""length"": 289000}], ""track-count"": 18, ""track-offset"": 16}]}, {""id"": ""4f9612f3-673b-4245-b95e-3f2a48e76599"", ""status-id"": ""4e304316-386d-3409-af2e-78857eec5cfe"", ""artist-credit-id"": ""566efeaa-79d3-3900-981c-9a2cf5735d64"", ""count"": 1, ""title"": ""Heart Shaped World"", ""status"": ""Official"", ""artist-credit"": [{""name"": ""Chris Isaak"", ""artist"": {""id"": ""479497d4-e7c2-4e78-972e-56e78fac3995"", ""name"": ""Chris Isaak"", ""sort-name"": ""Isaak, Chris""}}], ""release-group"": {""id"": ""f6f75c7a-f1bb-3b22-ae18-269bf5bd7f47"", ""type-id"": ""f529b476-6e62-324f-b0aa-1f3e33d313fc"", ""primary-type-id"": ""f529b476-6e62-324f-b0aa-1f3e33d313fc"", ""title"": ""Heart Shaped World"", ""primary-type"": ""Album""}, ""date"": ""1989-06-06"", ""country"": ""US"", ""release-events"": [{""date"": ""1989-06-06"", ""area"": {""id"": ""489ce91b-6658-3307-9877-795b68554c98"", ""name"": ""United States"", ""sort-name"": ""United States"", ""iso-3166-1-codes"": [""US""]}}], ""track-count"": 11, ""media"": [{""id"": ""20fee2d8-4cc3-3062-a31b-dde8b264efc0"", ""position"": 1, ""format"": ""CD"", ""track"": [{""id"": ""5743160b-818d-3368-8456-4950b0a3a400"", ""number"": ""5"", ""title"": ""Wicked Game"", ""length"": 289066}], ""track-count"": 11, ""track-offset"": 4}]}, {""id"": ""f426bcef-f4a1-4001-b3f1-b4a0229a66c1"", ""status-id"": ""518ffc83-5cde-34df-8627-81bff5093d92"", ""artist-credit-id"": ""949a7fd5-fe73-3e8f-922e-01ff4ca958f7"", ""count"": 1, ""title"": ""Cosmopolitan: Sampler"", ""status"": ""Promotion"", ""artist-credit"": [{""name"": ""Various Artists"", ""artist"": {""id"": ""89ad4ac3-39f7-470e-963a-56509c546377"", ""name"": ""Various Artists"", ""sort-name"": ""Various Artists"", ""disambiguation"": ""add compilations to this artist""}}], ""release-group"": {""id"": ""c2c476c0-7f79-41ac-bd73-33929b027a6e"", ""type-id"": ""dd2a21e1-0c00-3729-a7a0-de60b84eb5d1"", ""primary-type-id"": ""f529b476-6e62-324f-b0aa-1f3e33d313fc"", ""title"": ""Cosmopolitan: Sampler"", ""primary-type"": ""Album"", ""secondary-types"": [""Compilation""], ""secondary-type-ids"": [""dd2a21e1-0c00-3729-a7a0-de60b84eb5d1""]}, ""date"": """", ""country"": ""US"", ""release-events"": [{""date"": """", ""area"": {""id"": ""489ce91b-6658-3307-9877-795b68554c98"", ""name"": ""United States"", ""sort-name"": ""United States"", ""iso-3166-1-codes"": [""US""]}}], ""track-count"": 16, ""media"": [{""id"": ""5ba2eeff-f960-3463-a396-c2d726b08e11"", ""position"": 1, ""format"": ""CD"", ""track"": [{""id"": ""f3c53fe7-702e-4590-8326-68aab4f088b2"", ""number"": ""3"", ""title"": ""Wicked Game"", ""length"": 290666}], ""track-count"": 16, ""track-offset"": 2}]}, {""id"": ""05f81dc6-1966-4f27-8e09-68e8cc23da20"", ""status-id"": ""4e304316-386d-3409-af2e-78857eec5cfe"", ""artist-credit-id"": ""949a7fd5-fe73-3e8f-922e-01ff4ca958f7"", ""count"": 2, ""title"": ""Heart Rock: Rock f\u00fcr\u2019s Herz, Volume 3"", ""status"": ""Official"", ""artist-credit"": [{""name"": ""Various Artists"", ""artist"": {""id"": ""89ad4ac3-39f7-470e-963a-56509c546377"", ""name"": ""Various Artists"", ""sort-name"": ""Various Artists"", ""disambiguation"": ""add compilations to this artist""}}], ""release-group"": {""id"": ""5f30d645-2f40-3dab-a344-1aca0abdedae"", ""type-id"": ""dd2a21e1-0c00-3729-a7a0-de60b84eb5d1"", ""primary-type-id"": ""f529b476-6e62-324f-b0aa-1f3e33d313fc"", ""title"": ""Heart Rock: Rock f\u00fcr\u2019s Herz, Volume 3"", ""primary-type"": ""Album"", ""secondary-types"": [""Compilation""], ""secondary-type-ids"": [""dd2a21e1-0c00-3729-a7a0-de60b84eb5d1""]}, ""date"": ""1991-09-16"", ""country"": ""DE"", ""release-events"": [{""date"": ""1991-09-16"", ""area"": {""id"": ""85752fda-13c4-31a3-bee5-0e5cb1f51dad"", ""name"": ""Germany"", ""sort-name"": ""Germany"", ""iso-3166-1-codes"": [""DE""]}}], ""track-count"": 34, ""media"": [{""id"": ""1b77a277-1905-3681-9408-608284d6764c"", ""position"": 1, ""format"": ""CD"", ""track"": [{""id"": ""443f6737-d3a2-3705-81ef-0fd6ed06c792"", ""number"": ""6"", ""title"": ""Wicked Game"", ""length"": 288733}], ""track-count"": 17, ""track-offset"": 5}]}, {""id"": ""06407e13-af81-4f96-9e64-5549508e6787"", ""status-id"": ""4e304316-386d-3409-af2e-78857eec5cfe"", ""artist-credit-id"": ""566efeaa-79d3-3900-981c-9a2cf5735d64"", ""count"": 1, ""title"": ""Best of Chris Isaak"", ""status"": ""Official"", ""artist-credit"": [{""name"": ""Chris Isaak"", ""artist"": {""id"": ""479497d4-e7c2-4e78-972e-56e78fac3995"", ""name"": ""Chris Isaak"", ""sort-name"": ""Isaak, Chris""}}], ""release-group"": {""id"": ""bee6999b-b9ce-373d-b91e-fc8e3917cb06"", ""type-id"": ""dd2a21e1-0c00-3729-a7a0-de60b84eb5d1"", ""primary-type-id"": ""f529b476-6e62-324f-b0aa-1f3e33d313fc"", ""title"": ""Best of Chris Isaak"", ""primary-type"": ""Album"", ""secondary-types"": [""Compilation""], ""secondary-type-ids"": [""dd2a21e1-0c00-3729-a7a0-de60b84eb5d1""]}, ""date"": ""2012"", ""country"": ""AU"", ""release-events"": [{""date"": ""2012"", ""area"": {""id"": ""106e0bec-b638-3b37-b731-f53d507dc00e"", ""name"": ""Australia"", ""sort-name"": ""Australia"", ""iso-3166-1-codes"": [""AU""]}}], ""track-count"": 18, ""media"": [{""id"": ""0f206a96-335d-34b0-90d1-d96c92aea87c"", ""position"": 1, ""format"": ""CD"", ""track"": [{""id"": ""723135d4-cc9f-41ee-8999-63f37a7bd6ae"", ""number"": ""3"", ""title"": ""Wicked Game"", ""length"": 286880}], ""track-count"": 18, ""track-offset"": 2}]}, {""id"": ""89fd9730-b511-46ce-ba5d-3f87b6a70602"", ""status-id"": ""4e304316-386d-3409-af2e-78857eec5cfe"", ""artist-credit-id"": ""949a7fd5-fe73-3e8f-922e-01ff4ca958f7"", ""count"": 1, ""title"": ""Hit Trax"", ""status"": ""Official"", ""artist-credit"": [{""name"": ""Various Artists"", ""artist"": {""id"": ""89ad4ac3-39f7-470e-963a-56509c546377"", ""name"": ""Various Artists"", ""sort-name"": ""Various Artists"", ""disambiguation"": ""add compilations to this artist""}}], ""release-group"": {""id"": ""75f46847-2633-485f-ae36-c677d980d1bd"", ""type-id"": ""dd2a21e1-0c00-3729-a7a0-de60b84eb5d1"", ""primary-type-id"": ""f529b476-6e62-324f-b0aa-1f3e33d313fc"", ""title"": ""Hit Trax"", ""primary-type"": ""Album"", ""secondary-types"": [""Compilation""], ""secondary-type-ids"": [""dd2a21e1-0c00-3729-a7a0-de60b84eb5d1""]}, ""date"": ""1989"", ""country"": ""FI"", ""release-events"": [{""date"": ""1989"", ""area"": {""id"": ""6a264f94-6ff1-30b1-9a81-41f7bfabd616"", ""name"": ""Finland"", ""sort-name"": ""Finland"", ""iso-3166-1-codes"": [""FI""]}}], ""track-count"": 18, ""media"": [{""id"": ""1456f4fa-18a5-3128-a0ca-3d5baadd40b9"", ""position"": 1, ""format"": ""CD"", ""track"": [{""id"": ""ea6ab496-efce-3004-b212-2cdd4d6030c3"", ""number"": ""7"", ""title"": ""Wicked Game"", ""length"": 287266}], ""track-count"": 18, ""track-offset"": 6}]}, {""id"": ""2da0db20-a552-4a9b-9ade-b57bd4bb206d"", ""status-id"": ""4e304316-386d-3409-af2e-78857eec5cfe"", ""artist-credit-id"": ""949a7fd5-fe73-3e8f-922e-01ff4ca958f7"", ""count"": 1, ""title"": ""The Family Man (Music From the Motion Picture)"", ""status"": ""Official"", ""artist-credit"": [{""name"": ""Various Artists"", ""artist"": {""id"": ""89ad4ac3-39f7-470e-963a-56509c546377"", ""name"": ""Various Artists"", ""sort-name"": ""Various Artists"", ""disambiguation"": ""add compilations to this artist""}}], ""release-group"": {""id"": ""94f2e42d-706b-3690-abd9-55215e0d9120"", ""type-id"": ""22a628ad-c082-3c4f-b1b6-d41665107b88"", ""primary-type-id"": ""f529b476-6e62-324f-b0aa-1f3e33d313fc"", ""title"": ""The Family Man (Music From the Motion Picture)"", ""primary-type"": ""Album"", ""secondary-types"": [""Soundtrack""], ""secondary-type-ids"": [""22a628ad-c082-3c4f-b1b6-d41665107b88""]}, ""date"": ""2000-11"", ""country"": ""XE"", ""release-events"": [{""date"": ""2000-11"", ""area"": {""id"": ""89a675c2-3e37-3518-b83c-418bad59a85a"", ""name"": ""Europe"", ""sort-name"": ""Europe"", ""iso-3166-1-codes"": [""XE""]}}], ""track-count"": 14, ""media"": [{""id"": ""7b599dd9-afde-3254-84ac-e67ca0576829"", ""position"": 1, ""format"": ""CD"", ""track"": [{""id"": ""5d1f6d6f-6023-4e8c-9988-f77789aaf0d6"", ""number"": ""2"", ""title"": ""Wicked Game"", ""length"": 290000}], ""track-count"": 14, ""track-offset"": 1}]}, {""id"": ""2fd0a6be-ce17-4af8-9639-41bd4e182750"", ""status-id"": ""4e304316-386d-3409-af2e-78857eec5cfe"", ""artist-credit-id"": ""949a7fd5-fe73-3e8f-922e-01ff4ca958f7"", ""count"": 2, ""title"": ""Boulevard des slows, vol. 3"", ""status"": ""Official"", ""artist-credit"": [{""name"": ""Various Artists"", ""artist"": {""id"": ""89ad4ac3-39f7-470e-963a-56509c546377"", ""name"": ""Various Artists"", ""sort-name"": ""Various Artists"", ""disambiguation"": ""add compilations to this artist""}}], ""release-group"": {""id"": ""93f80814-3a33-44b5-9400-546cb5d2395b"", ""type-id"": ""dd2a21e1-0c00-3729-a7a0-de60b84eb5d1"", ""primary-type-id"": ""f529b476-6e62-324f-b0aa-1f3e33d313fc"", ""title"": ""Boulevard des slows, vol.3"", ""primary-type"": ""Album"", ""secondary-types"": [""Compilation""], ""secondary-type-ids"": [""dd2a21e1-0c00-3729-a7a0-de60b84eb5d1""]}, ""date"": ""1991"", ""country"": ""FR"", ""release-events"": [{""date"": ""1991"", ""area"": {""id"": ""08310658-51eb-3801-80de-5a0739207115"", ""name"": ""France"", ""sort-name"": ""France"", ""iso-3166-1-codes"": [""FR""]}}], ""track-count"": 34, ""media"": [{""id"": ""f225f40d-721b-3f7b-9eab-824efa457633"", ""position"": 1, ""format"": ""CD"", ""track"": [{""id"": ""e2a43a8a-3bbc-4a59-9042-02b003a5ef91"", ""number"": ""11"", ""title"": ""Wicked Game"", ""length"": 288000}], ""track-count"": 17, ""track-offset"": 10}]}, {""id"": ""c07ca2f5-110f-42fa-bbd0-8ca8bdc24ab8"", ""status-id"": ""4e304316-386d-3409-af2e-78857eec5cfe"", ""artist-credit-id"": ""949a7fd5-fe73-3e8f-922e-01ff4ca958f7"", ""count"": 4, ""title"": ""NOW Yearbook 1990"", ""status"": ""Official"", ""disambiguation"": ""special edition with booklet"", ""artist-credit"": [{""name"": ""Various Artists"", ""artist"": {""id"": ""89ad4ac3-39f7-470e-963a-56509c546377"", ""name"": ""Various Artists"", ""sort-name"": ""Various Artists"", ""disambiguation"": ""add compilations to this artist""}}], ""release-group"": {""id"": ""f3a8b8c5-347c-41e4-a365-86159bcb8d2c"", ""type-id"": ""dd2a21e1-0c00-3729-a7a0-de60b84eb5d1"", ""primary-type-id"": ""f529b476-6e62-324f-b0aa-1f3e33d313fc"", ""title"": ""NOW Yearbook 1990"", ""primary-type"": ""Album"", ""secondary-types"": [""Compilation""], ""secondary-type-ids"": [""dd2a21e1-0c00-3729-a7a0-de60b84eb5d1""]}, ""date"": ""2024-02-03"", ""country"": ""XW"", ""release-events"": [{""date"": ""2024-02-03"", ""area"": {""id"": ""525d4e18-3d00-31b9-a58b-a146a916de8f"", ""name"": ""[Worldwide]"", ""sort-name"": ""[Worldwide]"", ""iso-3166-1-codes"": [""XW""]}}], ""track-count"": 79, ""media"": [{""id"": ""b9fceffa-ce78-340b-9eec-ee42d40a03ce"", ""position"": 1, ""format"": ""CD"", ""track"": [{""id"": ""f874304c-d8be-4380-ab2d-9c12466035ce"", ""number"": ""18"", ""title"": ""Wicked Game"", ""length"": 287640}], ""track-count"": 19, ""track-offset"": 17}]}, {""id"": ""dd5a314d-ccd9-4f49-b363-e6e4fbed9694"", ""status-id"": ""4e304316-386d-3409-af2e-78857eec5cfe"", ""artist-credit-id"": ""949a7fd5-fe73-3e8f-922e-01ff4ca958f7"", ""count"": 4, ""title"": ""NOW Yearbook \u201990"", ""status"": ""Official"", ""artist-credit"": [{""name"": ""Various Artists"", ""artist"": {""id"": ""89ad4ac3-39f7-470e-963a-56509c546377"", ""name"": ""Various Artists"", ""sort-name"": ""Various Artists"", ""disambiguation"": ""add compilations to this artist""}}], ""release-group"": {""id"": ""f3a8b8c5-347c-41e4-a365-86159bcb8d2c"", ""type-id"": ""dd2a21e1-0c00-3729-a7a0-de60b84eb5d1"", ""primary-type-id"": ""f529b476-6e62-324f-b0aa-1f3e33d313fc"", ""title"": ""NOW Yearbook 1990"", ""primary-type"": ""Album"", ""secondary-types"": [""Compilation""], ""secondary-type-ids"": [""dd2a21e1-0c00-3729-a7a0-de60b84eb5d1""]}, ""date"": ""2024-02-02"", ""country"": ""GB"", ""release-events"": [{""date"": ""2024-02-02"", ""area"": {""id"": ""8a754a16-0027-3a29-b6d7-2b40ea0481ed"", ""name"": ""United Kingdom"", ""sort-name"": ""United Kingdom"", ""iso-3166-1-codes"": [""GB""]}}], ""track-count"": 79, ""media"": [{""id"": ""a1429699-c648-3ea7-b60a-dad7b5338b2b"", ""position"": 1, ""format"": ""CD"", ""track"": [{""id"": ""2537f88c-9a19-492a-8cfc-5a66aa3e199e"", ""number"": ""18"", ""title"": ""Wicked Game"", ""length"": 287000}], ""track-count"": 19, ""track-offset"": 17}]}, {""id"": ""e197dc8d-934e-4755-8495-65f8265aceaf"", ""artist-credit-id"": ""566efeaa-79d3-3900-981c-9a2cf5735d64"", ""count"": 1, ""title"": ""Best of Chris Isaak"", ""artist-credit"": [{""name"": ""Chris Isaak"", ""artist"": {""id"": ""479497d4-e7c2-4e78-972e-56e78fac3995"", ""name"": ""Chris Isaak"", ""sort-name"": ""Isaak, Chris""}}], ""release-group"": {""id"": ""bee6999b-b9ce-373d-b91e-fc8e3917cb06"", ""type-id"": ""dd2a21e1-0c00-3729-a7a0-de60b84eb5d1"", ""primary-type-id"": ""f529b476-6e62-324f-b0aa-1f3e33d313fc"", ""title"": ""Best of Chris Isaak"", ""primary-type"": ""Album"", ""secondary-types"": [""Compilation""], ""secondary-type-ids"": [""dd2a21e1-0c00-3729-a7a0-de60b84eb5d1""]}, ""date"": """", ""country"": ""US"", ""release-events"": [{""date"": """", ""area"": {""id"": ""489ce91b-6658-3307-9877-795b68554c98"", ""name"": ""United States"", ""sort-name"": ""United States"", ""iso-3166-1-codes"": [""US""]}}], ""track-count"": 18, ""media"": [{""id"": ""47a64dcd-3792-35de-9dad-408d43a4c414"", ""position"": 1, ""format"": ""CD"", ""track"": [{""id"": ""735419f3-69aa-46e8-b22a-d2a845ec5615"", ""number"": ""3"", ""title"": ""Wicked Game"", ""length"": 286880}], ""track-count"": 18, ""track-offset"": 2}]}, {""id"": ""d489b9d8-1e9e-49f5-983e-ac42b1e45ee3"", ""status-id"": ""4e304316-386d-3409-af2e-78857eec5cfe"", ""artist-credit-id"": ""949a7fd5-fe73-3e8f-922e-01ff4ca958f7"", ""count"": 2, ""title"": ""Pure Genius: 40 of the World\u2019s Greatest Songwriters"", ""status"": ""Official"", ""artist-credit"": [{""name"": ""Various Artists"", ""artist"": {""id"": ""89ad4ac3-39f7-470e-963a-56509c546377"", ""name"": ""Various Artists"", ""sort-name"": ""Various Artists"", ""disambiguation"": ""add compilations to this artist""}}], ""release-group"": {""id"": ""373abe3f-d3d8-389d-919c-d2312cccd8f0"", ""type-id"": ""dd2a21e1-0c00-3729-a7a0-de60b84eb5d1"", ""primary-type-id"": ""f529b476-6e62-324f-b0aa-1f3e33d313fc"", ""title"": ""Pure Genius: 40 of the World\u2019s Greatest Songwriters"", ""primary-type"": ""Album"", ""secondary-types"": [""Compilation""], ""secondary-type-ids"": [""dd2a21e1-0c00-3729-a7a0-de60b84eb5d1""]}, ""date"": ""2002-03-04"", ""country"": ""GB"", ""release-events"": [{""date"": ""2002-03-04"", ""area"": {""id"": ""8a754a16-0027-3a29-b6d7-2b40ea0481ed"", ""name"": ""United Kingdom"", ""sort-name"": ""United Kingdom"", ""iso-3166-1-codes"": [""GB""]}}], ""track-count"": 40, ""media"": [{""id"": ""29581acd-788d-3fdd-85b2-fbe878658d95"", ""position"": 1, ""format"": ""CD"", ""track"": [{""id"": ""a2901ff0-3d12-3123-9b82-71f956c2cd44"", ""number"": ""4"", ""title"": ""Wicked Game"", ""length"": 288733}], ""track-count"": 20, ""track-offset"": 3}]}, {""id"": ""d74fdedf-dc63-480d-9b49-18172ba98d9b"", ""status-id"": ""4e304316-386d-3409-af2e-78857eec5cfe"", ""artist-credit-id"": ""949a7fd5-fe73-3e8f-922e-01ff4ca958f7"", ""count"": 2, ""title"": ""Internationale Hits 91"", ""status"": ""Official"", ""artist-credit"": [{""name"": ""Various Artists"", ""artist"": {""id"": ""89ad4ac3-39f7-470e-963a-56509c546377"", ""name"": ""Various Artists"", ""sort-name"": ""Various Artists"", ""disambiguation"": ""add compilations to this artist""}}], ""release-group"": {""id"": ""c43ce961-3c56-3efd-ad48-a37ae519e7bc"", ""type-id"": ""dd2a21e1-0c00-3729-a7a0-de60b84eb5d1"", ""primary-type-id"": ""f529b476-6e62-324f-b0aa-1f3e33d313fc"", ""title"": ""Internationale Hits 91"", ""primary-type"": ""Album"", ""secondary-types"": [""Compilation""], ""secondary-type-ids"": [""dd2a21e1-0c00-3729-a7a0-de60b84eb5d1""]}, ""date"": ""1991"", ""country"": ""DE"", ""release-events"": [{""date"": ""1991"", ""area"": {""id"": ""85752fda-13c4-31a3-bee5-0e5cb1f51dad"", ""name"": ""Germany"", ""sort-name"": ""Germany"", ""iso-3166-1-codes"": [""DE""]}}], ""track-count"": 32, ""media"": [{""id"": ""62b2bf4c-5b3b-3681-b115-3f33b138b768"", ""position"": 1, ""format"": ""CD"", ""track"": [{""id"": ""e33ae051-1bfd-306a-9ce6-01788779e29e"", ""number"": ""5"", ""title"": ""Wicked Game"", ""length"": 288466}], ""track-count"": 16, ""track-offset"": 4}]}, {""id"": ""09e5bc25-cc7c-44bb-b727-863a1726181c"", ""artist-credit-id"": ""949a7fd5-fe73-3e8f-922e-01ff4ca958f7"", ""count"": 1, ""title"": ""Love Ballads 2"", ""artist-credit"": [{""name"": ""Various Artists"", ""artist"": {""id"": ""89ad4ac3-39f7-470e-963a-56509c546377"", ""name"": ""Various Artists"", ""sort-name"": ""Various Artists"", ""disambiguation"": ""add compilations to this artist""}}], ""release-group"": {""id"": ""2c5deede-ddcf-4fd6-80be-199919029f21"", ""type-id"": ""dd2a21e1-0c00-3729-a7a0-de60b84eb5d1"", ""primary-type-id"": ""f529b476-6e62-324f-b0aa-1f3e33d313fc"", ""title"": ""Love Ballads 2"", ""primary-type"": ""Album"", ""secondary-types"": [""Compilation""], ""secondary-type-ids"": [""dd2a21e1-0c00-3729-a7a0-de60b84eb5d1""]}, ""date"": ""1990"", ""country"": ""GB"", ""release-events"": [{""date"": ""1990"", ""area"": {""id"": ""8a754a16-0027-3a29-b6d7-2b40ea0481ed"", ""name"": ""United Kingdom"", ""sort-name"": ""United Kingdom"", ""iso-3166-1-codes"": [""GB""]}}], ""track-count"": 13, ""media"": [{""id"": ""2cc3b046-e83e-3c0f-ae50-a256a6b6f60c"", ""position"": 1, ""format"": ""CD"", ""track"": [{""id"": ""22f0866e-9e41-4a15-8829-2c4e3408c289"", ""number"": ""11"", ""title"": ""Wicked game"", ""length"": 288840}], ""track-count"": 13, ""track-offset"": 10}]}, {""id"": ""42f38e80-7dfd-4ef8-81fb-11595414d3f4"", ""status-id"": ""4e304316-386d-3409-af2e-78857eec5cfe"", ""artist-credit-id"": ""949a7fd5-fe73-3e8f-922e-01ff4ca958f7"", ""count"": 1, ""title"": ""The Family Man (Music From the Motion Picture)"", ""status"": ""Official"", ""artist-credit"": [{""name"": ""Various Artists"", ""artist"": {""id"": ""89ad4ac3-39f7-470e-963a-56509c546377"", ""name"": ""Various Artists"", ""sort-name"": ""Various Artists"", ""disambiguation"": ""add compilations to this artist""}}], ""release-group"": {""id"": ""94f2e42d-706b-3690-abd9-55215e0d9120"", ""type-id"": ""22a628ad-c082-3c4f-b1b6-d41665107b88"", ""primary-type-id"": ""f529b476-6e62-324f-b0aa-1f3e33d313fc"", ""title"": ""The Family Man (Music From the Motion Picture)"", ""primary-type"": ""Album"", ""secondary-types"": [""Soundtrack""], ""secondary-type-ids"": [""22a628ad-c082-3c4f-b1b6-d41665107b88""]}, ""date"": ""2000"", ""country"": ""US"", ""release-events"": [{""date"": ""2000"", ""area"": {""id"": ""489ce91b-6658-3307-9877-795b68554c98"", ""name"": ""United States"", ""sort-name"": ""United States"", ""iso-3166-1-codes"": [""US""]}}], ""track-count"": 14, ""media"": [{""id"": ""e4537801-ed31-3ecc-91de-bd48040dc46c"", ""position"": 1, ""format"": ""CD"", ""track"": [{""id"": ""61aedd0b-6330-3ef3-805a-25cf4a66c909"", ""number"": ""2"", ""title"": ""Wicked Game"", ""length"": 287000}], ""track-count"": 14, ""track-offset"": 1}]}, {""id"": ""4dc2c287-b8dd-403c-995f-f268ab2812b1"", ""status-id"": ""4e304316-386d-3409-af2e-78857eec5cfe"", ""artist-credit-id"": ""949a7fd5-fe73-3e8f-922e-01ff4ca958f7"", ""count"": 2, ""title"": ""Cinema Hits"", ""status"": ""Official"", ""artist-credit"": [{""name"": ""Various Artists"", ""artist"": {""id"": ""89ad4ac3-39f7-470e-963a-56509c546377"", ""name"": ""Various Artists"", ""sort-name"": ""Various Artists"", ""disambiguation"": ""add compilations to this artist""}}], ""release-group"": {""id"": ""3ef649db-dfec-341d-bdf5-86a1f81801e1"", ""type-id"": ""dd2a21e1-0c00-3729-a7a0-de60b84eb5d1"", ""primary-type-id"": ""f529b476-6e62-324f-b0aa-1f3e33d313fc"", ""title"": ""Cinema Hits"", ""primary-type"": ""Album"", ""secondary-types"": [""Compilation""], ""secondary-type-ids"": [""dd2a21e1-0c00-3729-a7a0-de60b84eb5d1""]}, ""date"": ""2000"", ""country"": ""DE"", ""release-events"": [{""date"": ""2000"", ""area"": {""id"": ""85752fda-13c4-31a3-bee5-0e5cb1f51dad"", ""name"": ""Germany"", ""sort-name"": ""Germany"", ""iso-3166-1-codes"": [""DE""]}}], ""track-count"": 37, ""media"": [{""id"": ""a7a67b78-2ed7-317f-ac95-ed2590d2ca3b"", ""position"": 2, ""format"": ""CD"", ""track"": [{""id"": ""a868bf5b-6a32-34ce-b528-b4582e3fd75a"", ""number"": ""9"", ""title"": ""Wicked Game"", ""length"": 287000}], ""track-count"": 19, ""track-offset"": 8}]}, {""id"": ""3bf9440c-053b-446b-808b-79670d07094c"", ""status-id"": ""4e304316-386d-3409-af2e-78857eec5cfe"", ""artist-credit-id"": ""949a7fd5-fe73-3e8f-922e-01ff4ca958f7"", ""count"": 2, ""title"": ""Larry Pr\u00e4sentiert: Sommer Smash Hits \u201991"", ""status"": ""Official"", ""artist-credit"": [{""name"": ""Various Artists"", ""artist"": {""id"": ""89ad4ac3-39f7-470e-963a-56509c546377"", ""name"": ""Various Artists"", ""sort-name"": ""Various Artists"", ""disambiguation"": ""add compilations to this artist""}}], ""release-group"": {""id"": ""9f12842c-5c3f-4c7f-8769-1d75ed82c87b"", ""type-id"": ""dd2a21e1-0c00-3729-a7a0-de60b84eb5d1"", ""primary-type-id"": ""f529b476-6e62-324f-b0aa-1f3e33d313fc"", ""title"": ""Larry Pr\u00e4sentiert: Sommer Smash Hits \u201991"", ""primary-type"": ""Album"", ""secondary-types"": [""Compilation""], ""secondary-type-ids"": [""dd2a21e1-0c00-3729-a7a0-de60b84eb5d1""]}, ""date"": ""1991"", ""country"": ""DE"", ""release-events"": [{""date"": ""1991"", ""area"": {""id"": ""85752fda-13c4-31a3-bee5-0e5cb1f51dad"", ""name"": ""Germany"", ""sort-name"": ""Germany"", ""iso-3166-1-codes"": [""DE""]}}], ""track-count"": 35, ""media"": [{""id"": ""a122d01c-cb49-333d-af6c-7b84103bc25b"", ""position"": 1, ""format"": ""CD"", ""track"": [{""id"": ""0c854a53-6967-3a28-86f0-ac725c0a6596"", ""number"": ""8"", ""title"": ""Wicked Game"", ""length"": 287000}], ""track-count"": 18, ""track-offset"": 7}]}, {""id"": ""d22f9126-ad3d-425a-bc08-210164e6c506"", ""status-id"": ""4e304316-386d-3409-af2e-78857eec5cfe"", ""artist-credit-id"": ""949a7fd5-fe73-3e8f-922e-01ff4ca958f7"", ""count"": 2, ""title"": ""Het beste uit de Top 40 van \u201991"", ""status"": ""Official"", ""artist-credit"": [{""name"": ""Various Artists"", ""artist"": {""id"": ""89ad4ac3-39f7-470e-963a-56509c546377"", ""name"": ""Various Artists"", ""sort-name"": ""Various Artists"", ""disambiguation"": ""add compilations to this artist""}}], ""release-group"": {""id"": ""5963d7bb-11c1-3018-9aea-505610a45b81"", ""type-id"": ""dd2a21e1-0c00-3729-a7a0-de60b84eb5d1"", ""primary-type-id"": ""f529b476-6e62-324f-b0aa-1f3e33d313fc"", ""title"": ""Het beste uit de Top 40 van \u201991"", ""primary-type"": ""Album"", ""secondary-types"": [""Compilation""], ""secondary-type-ids"": [""dd2a21e1-0c00-3729-a7a0-de60b84eb5d1""]}, ""date"": ""1991"", ""country"": ""NL"", ""release-events"": [{""date"": ""1991"", ""area"": {""id"": ""ef1b7cc0-cd26-36f4-8ea0-04d9623786c7"", ""name"": ""Netherlands"", ""sort-name"": ""Netherlands"", ""iso-3166-1-codes"": [""NL""]}}], ""track-count"": 34, ""media"": [{""id"": ""48965712-8ec1-3f90-88fa-b4b18db84eec"", ""position"": 1, ""format"": ""CD"", ""track"": [{""id"": ""ac69a092-3a92-3dea-b1f1-abfaa279dedc"", ""number"": ""8"", ""title"": ""Wicked Game"", ""length"": 289000}], ""track-count"": 17, ""track-offset"": 7}]}, {""id"": ""f88e0242-c4ba-4c6e-ba3c-fe7885169ce0"", ""status-id"": ""4e304316-386d-3409-af2e-78857eec5cfe"", ""artist-credit-id"": ""949a7fd5-fe73-3e8f-922e-01ff4ca958f7"", ""count"": 2, ""title"": ""Sahnest\u00fccke \u201991: Soft\u2010Rock Hits"", ""status"": ""Official"", ""artist-credit"": [{""name"": ""Various Artists"", ""artist"": {""id"": ""89ad4ac3-39f7-470e-963a-56509c546377"", ""name"": ""Various Artists"", ""sort-name"": ""Various Artists"", ""disambiguation"": ""add compilations to this artist""}}], ""release-group"": {""id"": ""f2223c58-47c2-391e-a474-c060a18c42a6"", ""type-id"": ""dd2a21e1-0c00-3729-a7a0-de60b84eb5d1"", ""primary-type-id"": ""f529b476-6e62-324f-b0aa-1f3e33d313fc"", ""title"": ""Sahnest\u00fccke \u201991: Soft\u2010Rock Hits"", ""primary-type"": ""Album"", ""secondary-types"": [""Compilation""], ""secondary-type-ids"": [""dd2a21e1-0c00-3729-a7a0-de60b84eb5d1""]}, ""date"": ""1991"", ""country"": ""DE"", ""release-events"": [{""date"": ""1991"", ""area"": {""id"": ""85752fda-13c4-31a3-bee5-0e5cb1f51dad"", ""name"": ""Germany"", ""sort-name"": ""Germany"", ""iso-3166-1-codes"": [""DE""]}}], ""track-count"": 28, ""media"": [{""id"": ""6ac56cc9-7cad-38af-b4f0-b1a561a66276"", ""position"": 2, ""format"": ""CD"", ""track"": [{""id"": ""6fe797b6-6e2b-31f0-9cd5-19ef20ecc261"", ""number"": ""5"", ""title"": ""Wicked Game"", ""length"": 289440}], ""track-count"": 14, ""track-offset"": 4}]}, {""id"": ""3d45ba7f-733e-44e7-9fd5-83ed9afdab1a"", ""status-id"": ""4e304316-386d-3409-af2e-78857eec5cfe"", ""artist-credit-id"": ""949a7fd5-fe73-3e8f-922e-01ff4ca958f7"", ""count"": 1, ""title"": ""Yo!\u2026 Let\u2019s Go!"", ""status"": ""Official"", ""artist-credit"": [{""name"": ""Various Artists"", ""artist"": {""id"": ""89ad4ac3-39f7-470e-963a-56509c546377"", ""name"": ""Various Artists"", ""sort-name"": ""Various Artists"", ""disambiguation"": ""add compilations to this artist""}}], ""release-group"": {""id"": ""c17a449b-7f14-4639-9430-89ce16b7147d"", ""type-id"": ""dd2a21e1-0c00-3729-a7a0-de60b84eb5d1"", ""primary-type-id"": ""f529b476-6e62-324f-b0aa-1f3e33d313fc"", ""title"": ""Yo!\u2026 Let\u2019s Go!"", ""primary-type"": ""Album"", ""secondary-types"": [""Compilation""], ""secondary-type-ids"": [""dd2a21e1-0c00-3729-a7a0-de60b84eb5d1""]}, ""date"": ""1991"", ""country"": ""AU"", ""release-events"": [{""date"": ""1991"", ""area"": {""id"": ""106e0bec-b638-3b37-b731-f53d507dc00e"", ""name"": ""Australia"", ""sort-name"": ""Australia"", ""iso-3166-1-codes"": [""AU""]}}], ""track-count"": 18, ""media"": [{""id"": ""15531f61-f20e-3a7c-b1d2-f1234234ca86"", ""position"": 1, ""format"": ""CD"", ""track"": [{""id"": ""e3b976a4-6e2b-4266-a9c9-55d8e9664d12"", ""number"": ""18"", ""title"": ""Wicked Game"", ""length"": 288066}], ""track-count"": 18, ""track-offset"": 17}]}, {""id"": ""e83d811a-d6d8-4cc2-b285-c8e159a86797"", ""status-id"": ""4e304316-386d-3409-af2e-78857eec5cfe"", ""artist-credit-id"": ""566efeaa-79d3-3900-981c-9a2cf5735d64"", ""count"": 1, ""title"": ""Heart Shaped World"", ""status"": ""Official"", ""artist-credit"": [{""name"": ""Chris Isaak"", ""artist"": {""id"": ""479497d4-e7c2-4e78-972e-56e78fac3995"", ""name"": ""Chris Isaak"", ""sort-name"": ""Isaak, Chris""}}], ""release-group"": {""id"": ""f6f75c7a-f1bb-3b22-ae18-269bf5bd7f47"", ""type-id"": ""f529b476-6e62-324f-b0aa-1f3e33d313fc"", ""primary-type-id"": ""f529b476-6e62-324f-b0aa-1f3e33d313fc"", ""title"": ""Heart Shaped World"", ""primary-type"": ""Album""}, ""date"": ""2022-08-05"", ""country"": ""US"", ""release-events"": [{""date"": ""2022-08-05"", ""area"": {""id"": ""489ce91b-6658-3307-9877-795b68554c98"", ""name"": ""United States"", ""sort-name"": ""United States"", ""iso-3166-1-codes"": [""US""]}}], ""track-count"": 10, ""media"": [{""id"": ""acda42f6-b7eb-3ccd-9de4-221c635436f8"", ""position"": 1, ""format"": ""12\"" Vinyl"", ""track"": [{""id"": ""84ae15a8-45e0-4319-9229-934a8a5f2cc1"", ""number"": ""A5"", ""title"": ""Wicked Game"", ""length"": 286000}], ""track-count"": 10, ""track-offset"": 4}]}, {""id"": ""66fb42c2-9230-4773-b38e-2b6e35c541ed"", ""status-id"": ""4e304316-386d-3409-af2e-78857eec5cfe"", ""artist-credit-id"": ""566efeaa-79d3-3900-981c-9a2cf5735d64"", ""count"": 1, ""title"": ""Heart Shaped World"", ""status"": ""Official"", ""artist-credit"": [{""name"": ""Chris Isaak"", ""artist"": {""id"": ""479497d4-e7c2-4e78-972e-56e78fac3995"", ""name"": ""Chris Isaak"", ""sort-name"": ""Isaak, Chris""}}], ""release-group"": {""id"": ""f6f75c7a-f1bb-3b22-ae18-269bf5bd7f47"", ""type-id"": ""f529b476-6e62-324f-b0aa-1f3e33d313fc"", ""primary-type-id"": ""f529b476-6e62-324f-b0aa-1f3e33d313fc"", ""title"": ""Heart Shaped World"", ""primary-type"": ""Album""}, ""track-count"": 11, ""media"": [{""id"": ""7dfd77ac-6e2c-310a-95b7-8970b2837f1c"", ""position"": 1, ""format"": ""Digital Media"", ""track"": [{""id"": ""90358ae6-70a0-4712-8280-d0e02026f60f"", ""number"": ""5"", ""title"": ""Wicked Game"", ""length"": 289066}], ""track-count"": 11, ""track-offset"": 4}]}, {""id"": ""f9382024-fefe-49fc-993d-e350a9366efb"", ""status-id"": ""4e304316-386d-3409-af2e-78857eec5cfe"", ""artist-credit-id"": ""566efeaa-79d3-3900-981c-9a2cf5735d64"", ""count"": 1, ""title"": ""Heart Shaped World"", ""status"": ""Official"", ""artist-credit"": [{""name"": ""Chris Isaak"", ""artist"": {""id"": ""479497d4-e7c2-4e78-972e-56e78fac3995"", ""name"": ""Chris Isaak"", ""sort-name"": ""Isaak, Chris""}}], ""release-group"": {""id"": ""f6f75c7a-f1bb-3b22-ae18-269bf5bd7f47"", ""type-id"": ""f529b476-6e62-324f-b0aa-1f3e33d313fc"", ""primary-type-id"": ""f529b476-6e62-324f-b0aa-1f3e33d313fc"", ""title"": ""Heart Shaped World"", ""primary-type"": ""Album""}, ""date"": ""1991-03-25"", ""country"": ""JP"", ""release-events"": [{""date"": ""1991-03-25"", ""area"": {""id"": ""2db42837-c832-3c27-b4a3-08198f75693c"", ""name"": ""Japan"", ""sort-name"": ""Japan"", ""iso-3166-1-codes"": [""JP""]}}], ""track-count"": 11, ""media"": [{""id"": ""ef495ab2-84bc-320f-aed2-b2bb00bb551d"", ""position"": 1, ""format"": ""CD"", ""track"": [{""id"": ""6f8db132-f4cb-4c4f-9d07-9c8f6382516d"", ""number"": ""5"", ""title"": ""Wicked Game"", ""length"": 289040}], ""track-count"": 11, ""track-offset"": 4}]}, {""id"": ""ca3eef38-1f8c-4616-86df-6fab911b2ba1"", ""status-id"": ""4e304316-386d-3409-af2e-78857eec5cfe"", ""artist-credit-id"": ""949a7fd5-fe73-3e8f-922e-01ff4ca958f7"", ""count"": 1, ""title"": ""Levi\u2019s Hits 3"", ""status"": ""Official"", ""artist-credit"": [{""name"": ""Various Artists"", ""artist"": {""id"": ""89ad4ac3-39f7-470e-963a-56509c546377"", ""name"": ""Various Artists"", ""sort-name"": ""Various Artists"", ""disambiguation"": ""add compilations to this artist""}}], ""release-group"": {""id"": ""6bb69579-a96d-47fd-9e10-bf131f7a4670"", ""type-id"": ""dd2a21e1-0c00-3729-a7a0-de60b84eb5d1"", ""primary-type-id"": ""f529b476-6e62-324f-b0aa-1f3e33d313fc"", ""title"": ""Levi\u2019s Hits 3"", ""primary-type"": ""Album"", ""secondary-types"": [""Compilation""], ""secondary-type-ids"": [""dd2a21e1-0c00-3729-a7a0-de60b84eb5d1""]}, ""date"": ""1993"", ""country"": ""DE"", ""release-events"": [{""date"": ""1993"", ""area"": {""id"": ""85752fda-13c4-31a3-bee5-0e5cb1f51dad"", ""name"": ""Germany"", ""sort-name"": ""Germany"", ""iso-3166-1-codes"": [""DE""]}}], ""track-count"": 19, ""media"": [{""id"": ""76a58104-2c59-34b1-aedc-6ec67d4ee085"", ""position"": 1, ""format"": ""CD"", ""track"": [{""id"": ""59a1589a-c64e-37bf-a0d1-c3bf3bf8ae09"", ""number"": ""19"", ""title"": ""Wicked Game"", ""length"": 288000}], ""track-count"": 19, ""track-offset"": 18}]}, {""id"": ""c48532ae-9907-4869-b41f-12dce5719aec"", ""status-id"": ""4e304316-386d-3409-af2e-78857eec5cfe"", ""artist-credit-id"": ""949a7fd5-fe73-3e8f-922e-01ff4ca958f7"", ""count"": 1, ""title"": ""Hit Fascination 3/91"", ""status"": ""Official"", ""artist-credit"": [{""name"": ""Various Artists"", ""artist"": {""id"": ""89ad4ac3-39f7-470e-963a-56509c546377"", ""name"": ""Various Artists"", ""sort-name"": ""Various Artists"", ""disambiguation"": ""add compilations to this artist""}}], ""release-group"": {""id"": ""2e9c2145-7e15-4ace-ae66-d6448888587e"", ""type-id"": ""dd2a21e1-0c00-3729-a7a0-de60b84eb5d1"", ""primary-type-id"": ""f529b476-6e62-324f-b0aa-1f3e33d313fc"", ""title"": ""Hit Fascination 3/91"", ""primary-type"": ""Album"", ""secondary-types"": [""Compilation""], ""secondary-type-ids"": [""dd2a21e1-0c00-3729-a7a0-de60b84eb5d1""]}, ""date"": ""1991-05"", ""country"": ""DE"", ""release-events"": [{""date"": ""1991-05"", ""area"": {""id"": ""85752fda-13c4-31a3-bee5-0e5cb1f51dad"", ""name"": ""Germany"", ""sort-name"": ""Germany"", ""iso-3166-1-codes"": [""DE""]}}], ""track-count"": 16, ""media"": [{""id"": ""ddb2ae25-7325-3442-99b0-d452aa2539a7"", ""position"": 1, ""format"": ""CD"", ""track"": [{""id"": ""58fb7d87-0db0-49e2-9b77-ec132c8ee9d9"", ""number"": ""9"", ""title"": ""Wicked Game"", ""length"": 286000}], ""track-count"": 16, ""track-offset"": 8}]}, {""id"": ""50a60e80-c604-41d8-b445-de9b2283660a"", ""status-id"": ""4e304316-386d-3409-af2e-78857eec5cfe"", ""artist-credit-id"": ""949a7fd5-fe73-3e8f-922e-01ff4ca958f7"", ""count"": 2, ""title"": ""Wild Attraction"", ""status"": ""Official"", ""artist-credit"": [{""name"": ""Various Artists"", ""artist"": {""id"": ""89ad4ac3-39f7-470e-963a-56509c546377"", ""name"": ""Various Artists"", ""sort-name"": ""Various Artists"", ""disambiguation"": ""add compilations to this artist""}}], ""release-group"": {""id"": ""470f658d-74db-487b-9479-692467c5f995"", ""type-id"": ""dd2a21e1-0c00-3729-a7a0-de60b84eb5d1"", ""primary-type-id"": ""f529b476-6e62-324f-b0aa-1f3e33d313fc"", ""title"": ""Wild Attraction"", ""primary-type"": ""Album"", ""secondary-types"": [""Compilation""], ""secondary-type-ids"": [""dd2a21e1-0c00-3729-a7a0-de60b84eb5d1""]}, ""date"": ""1991"", ""country"": ""DK"", ""release-events"": [{""date"": ""1991"", ""area"": {""id"": ""4757b525-2a60-324a-b060-578765d2c993"", ""name"": ""Denmark"", ""sort-name"": ""Denmark"", ""iso-3166-1-codes"": [""DK""]}}], ""track-count"": 35, ""media"": [{""id"": ""cb85500b-008f-3bb1-a922-1d251e5fa500"", ""position"": 1, ""format"": ""CD"", ""track"": [{""id"": ""9168f690-8c3e-48f9-9522-632de76c5733"", ""number"": ""11"", ""title"": ""Wicked Game"", ""length"": 287173}], ""track-count"": 18, ""track-offset"": 10}]}, {""id"": ""2ee352c1-feb8-4007-891e-365a613ac2f2"", ""status-id"": ""4e304316-386d-3409-af2e-78857eec5cfe"", ""artist-credit-id"": ""566efeaa-79d3-3900-981c-9a2cf5735d64"", ""count"": 1, ""title"": ""Heart Shaped World"", ""status"": ""Official"", ""artist-credit"": [{""name"": ""Chris Isaak"", ""artist"": {""id"": ""479497d4-e7c2-4e78-972e-56e78fac3995"", ""name"": ""Chris Isaak"", ""sort-name"": ""Isaak, Chris""}}], ""release-group"": {""id"": ""f6f75c7a-f1bb-3b22-ae18-269bf5bd7f47"", ""type-id"": ""f529b476-6e62-324f-b0aa-1f3e33d313fc"", ""primary-type-id"": ""f529b476-6e62-324f-b0aa-1f3e33d313fc"", ""title"": ""Heart Shaped World"", ""primary-type"": ""Album""}, ""date"": ""2011"", ""country"": ""US"", ""release-events"": [{""date"": ""2011"", ""area"": {""id"": ""489ce91b-6658-3307-9877-795b68554c98"", ""name"": ""United States"", ""sort-name"": ""United States"", ""iso-3166-1-codes"": [""US""]}}], ""track-count"": 11, ""media"": [{""id"": ""6efa3a20-f7e8-3429-a437-2d69c7139c0c"", ""position"": 1, ""format"": ""CD"", ""track"": [{""id"": ""a887ca91-0520-4619-a82f-b46aadcabee2"", ""number"": ""5"", ""title"": ""Wicked Game"", ""length"": 289066}], ""track-count"": 11, ""track-offset"": 4}]}, {""id"": ""5e1bb656-b1b7-481e-b6f6-5bd690bf4e8e"", ""status-id"": ""4e304316-386d-3409-af2e-78857eec5cfe"", ""artist-credit-id"": ""949a7fd5-fe73-3e8f-922e-01ff4ca958f7"", ""count"": 2, ""title"": ""Friends: The Ultimate Soundtrack"", ""status"": ""Official"", ""artist-credit"": [{""name"": ""Various Artists"", ""artist"": {""id"": ""89ad4ac3-39f7-470e-963a-56509c546377"", ""name"": ""Various Artists"", ""sort-name"": ""Various Artists"", ""disambiguation"": ""add compilations to this artist""}}], ""release-group"": {""id"": ""4092355f-40d8-3c2d-9592-79716b7ae379"", ""type-id"": ""22a628ad-c082-3c4f-b1b6-d41665107b88"", ""primary-type-id"": ""f529b476-6e62-324f-b0aa-1f3e33d313fc"", ""title"": ""Friends"", ""primary-type"": ""Album"", ""secondary-types"": [""Soundtrack""], ""secondary-type-ids"": [""22a628ad-c082-3c4f-b1b6-d41665107b88""]}, ""track-count"": 34, ""media"": [{""id"": ""c8fb139a-21a4-3708-880e-0a5bf8aff349"", ""position"": 1, ""format"": ""CD"", ""track"": [{""id"": ""5fda8cd0-77c1-3ba0-9413-16a3ddf1e8f3"", ""number"": ""17"", ""title"": ""Wicked Game"", ""length"": 287000}], ""track-count"": 17, ""track-offset"": 16}]}, {""id"": ""4f70d5d1-e152-410b-b559-e0499bf5483d"", ""status-id"": ""1156806e-d06a-38bd-83f0-cf2284a808b9"", ""artist-credit-id"": ""949a7fd5-fe73-3e8f-922e-01ff4ca958f7"", ""count"": 1, ""title"": ""Romantic Collection, Volume 2"", ""status"": ""Bootleg"", ""artist-credit"": [{""name"": ""Various Artists"", ""artist"": {""id"": ""89ad4ac3-39f7-470e-963a-56509c546377"", ""name"": ""Various Artists"", ""sort-name"": ""Various Artists"", ""disambiguation"": ""add compilations to this artist""}}], ""release-group"": {""id"": ""335cbf03-e8eb-3fdd-b4f1-1779dd0a1471"", ""type-id"": ""dd2a21e1-0c00-3729-a7a0-de60b84eb5d1"", ""primary-type-id"": ""f529b476-6e62-324f-b0aa-1f3e33d313fc"", ""title"": ""Romantic Collection, Volume 2"", ""primary-type"": ""Album"", ""secondary-types"": [""Compilation""], ""secondary-type-ids"": [""dd2a21e1-0c00-3729-a7a0-de60b84eb5d1""]}, ""date"": ""2001"", ""country"": ""RU"", ""release-events"": [{""date"": ""2001"", ""area"": {""id"": ""1f1fc3a4-9500-39b8-9f10-f0a465557eef"", ""name"": ""Russia"", ""sort-name"": ""Russia"", ""iso-3166-1-codes"": [""RU""]}}], ""track-count"": 19, ""media"": [{""id"": ""1eb0631b-a42a-3642-a924-fc722f13c6c6"", ""position"": 1, ""format"": ""CD"", ""track"": [{""id"": ""4b55de58-66b1-39f8-9b03-2ce411c1d2cc"", ""number"": ""10"", ""title"": ""Wicked Game"", ""length"": 291493}], ""track-count"": 19, ""track-offset"": 9}]}, {""id"": ""83598c1b-1f97-478e-915c-8c091e1f6f76"", ""status-id"": ""4e304316-386d-3409-af2e-78857eec5cfe"", ""artist-credit-id"": ""949a7fd5-fe73-3e8f-922e-01ff4ca958f7"", ""count"": 5, ""title"": ""Hitarchief Top 2000, Volume 4"", ""status"": ""Official"", ""artist-credit"": [{""name"": ""Various Artists"", ""artist"": {""id"": ""89ad4ac3-39f7-470e-963a-56509c546377"", ""name"": ""Various Artists"", ""sort-name"": ""Various Artists"", ""disambiguation"": ""add compilations to this artist""}}], ""release-group"": {""id"": ""09ff60fb-d6ab-47e5-8033-a8fe5d9459d4"", ""type-id"": ""dd2a21e1-0c00-3729-a7a0-de60b84eb5d1"", ""primary-type-id"": ""f529b476-6e62-324f-b0aa-1f3e33d313fc"", ""title"": ""Hitarchief Top 2000, Volume 4"", ""primary-type"": ""Album"", ""secondary-types"": [""Compilation""], ""secondary-type-ids"": [""dd2a21e1-0c00-3729-a7a0-de60b84eb5d1""]}, ""date"": ""2012-01-01"", ""country"": ""BE"", ""release-events"": [{""date"": ""2012-01-01"", ""area"": {""id"": ""5b8a5ee5-0bb3-34cf-9a75-c27c44e341fc"", ""name"": ""Belgium"", ""sort-name"": ""Belgium"", ""iso-3166-1-codes"": [""BE""]}}], ""track-count"": 100, ""media"": [{""id"": ""5b53c9bf-c5d8-3fd1-ada4-3cf6d9d67f9d"", ""position"": 1, ""format"": ""CD"", ""track"": [{""id"": ""d5e513d2-7368-42f9-a03c-c2297d3de13b"", ""number"": ""20"", ""title"": ""Wicked Game"", ""length"": 287280}], ""track-count"": 20, ""track-offset"": 19}]}, {""id"": ""2c757202-c100-4718-8f51-925a7bdae6f6"", ""status-id"": ""4e304316-386d-3409-af2e-78857eec5cfe"", ""artist-credit-id"": ""949a7fd5-fe73-3e8f-922e-01ff4ca958f7"", ""count"": 3, ""title"": ""Sex Tape : 50 chansons pour le sexe"", ""status"": ""Official"", ""artist-credit"": [{""name"": ""Various Artists"", ""artist"": {""id"": ""89ad4ac3-39f7-470e-963a-56509c546377"", ""name"": ""Various Artists"", ""sort-name"": ""Various Artists"", ""disambiguation"": ""add compilations to this artist""}}], ""release-group"": {""id"": ""cd97a8e8-6fa1-4251-814f-fa76057adfb8"", ""type-id"": ""dd2a21e1-0c00-3729-a7a0-de60b84eb5d1"", ""primary-type-id"": ""f529b476-6e62-324f-b0aa-1f3e33d313fc"", ""title"": ""Sex Tape : 50 chansons pour le sexe"", ""primary-type"": ""Album"", ""secondary-types"": [""Compilation""], ""secondary-type-ids"": [""dd2a21e1-0c00-3729-a7a0-de60b84eb5d1""]}, ""date"": ""2009-07-13"", ""country"": ""FR"", ""release-events"": [{""date"": ""2009-07-13"", ""area"": {""id"": ""08310658-51eb-3801-80de-5a0739207115"", ""name"": ""France"", ""sort-name"": ""France"", ""iso-3166-1-codes"": [""FR""]}}], ""track-count"": 50, ""media"": [{""id"": ""ca47e31b-d1f7-37ee-a905-27ea8fac9270"", ""position"": 2, ""format"": ""CD"", ""track"": [{""id"": ""307b78a2-f288-37b2-967c-0cbafe48533f"", ""number"": ""15"", ""title"": ""Wicked Game"", ""length"": 288880}], ""track-count"": 17, ""track-offset"": 14}]}, {""id"": ""d35262a0-c698-40f2-ba83-be1a265540a5"", ""status-id"": ""4e304316-386d-3409-af2e-78857eec5cfe"", ""artist-credit-id"": ""949a7fd5-fe73-3e8f-922e-01ff4ca958f7"", ""count"": 5, ""title"": ""Top 100 Pop Love Songs"", ""status"": ""Official"", ""artist-credit"": [{""name"": ""Various Artists"", ""artist"": {""id"": ""89ad4ac3-39f7-470e-963a-56509c546377"", ""name"": ""Various Artists"", ""sort-name"": ""Various Artists"", ""disambiguation"": ""add compilations to this artist""}}], ""release-group"": {""id"": ""d26f2a94-375e-4ffc-a29d-38d4682896d7"", ""type-id"": ""dd2a21e1-0c00-3729-a7a0-de60b84eb5d1"", ""primary-type-id"": ""f529b476-6e62-324f-b0aa-1f3e33d313fc"", ""title"": ""Top 100 Pop Love Songs"", ""primary-type"": ""Album"", ""secondary-types"": [""Compilation""], ""secondary-type-ids"": [""dd2a21e1-0c00-3729-a7a0-de60b84eb5d1""]}, ""track-count"": 100, ""media"": [{""id"": ""3b4063d8-d49a-388e-9255-3fbd7b0f5f7d"", ""position"": 1, ""format"": ""CD"", ""track"": [{""id"": ""65af1582-c4d3-476b-97ca-e8ae1b184268"", ""number"": ""13"", ""title"": ""Wicked Game"", ""length"": 281000}], ""track-count"": 20, ""track-offset"": 12}]}, {""id"": ""161b2f73-f175-498a-ab7d-2660c8055385"", ""status-id"": ""4e304316-386d-3409-af2e-78857eec5cfe"", ""artist-credit-id"": ""566efeaa-79d3-3900-981c-9a2cf5735d64"", ""count"": 1, ""title"": ""Heart Shaped World"", ""status"": ""Official"", ""artist-credit"": [{""name"": ""Chris Isaak"", ""artist"": {""id"": ""479497d4-e7c2-4e78-972e-56e78fac3995"", ""name"": ""Chris Isaak"", ""sort-name"": ""Isaak, Chris""}}], ""release-group"": {""id"": ""f6f75c7a-f1bb-3b22-ae18-269bf5bd7f47"", ""type-id"": ""f529b476-6e62-324f-b0aa-1f3e33d313fc"", ""primary-type-id"": ""f529b476-6e62-324f-b0aa-1f3e33d313fc"", ""title"": ""Heart Shaped World"", ""primary-type"": ""Album""}, ""date"": ""2012-11-08"", ""country"": ""XW"", ""release-events"": [{""date"": ""2012-11-08"", ""area"": {""id"": ""525d4e18-3d00-31b9-a58b-a146a916de8f"", ""name"": ""[Worldwide]"", ""sort-name"": ""[Worldwide]"", ""iso-3166-1-codes"": [""XW""]}}], ""track-count"": 11, ""media"": [{""id"": ""078e00d9-924a-3e83-bd27-8602204801f0"", ""position"": 1, ""format"": ""Digital Media"", ""track"": [{""id"": ""6bf8aaab-1af9-41e4-99b7-35e60047068f"", ""number"": ""5"", ""title"": ""Wicked Game"", ""length"": 290000}], ""track-count"": 11, ""track-offset"": 4}]}, {""id"": ""b6bab346-e71f-455f-8b69-f9b1d35ebde5"", ""status-id"": ""4e304316-386d-3409-af2e-78857eec5cfe"", ""artist-credit-id"": ""566efeaa-79d3-3900-981c-9a2cf5735d64"", ""count"": 2, ""title"": ""Best of Chris Isaak"", ""status"": ""Official"", ""disambiguation"": ""special edition"", ""artist-credit"": [{""name"": ""Chris Isaak"", ""artist"": {""id"": ""479497d4-e7c2-4e78-972e-56e78fac3995"", ""name"": ""Chris Isaak"", ""sort-name"": ""Isaak, Chris""}}], ""release-group"": {""id"": ""bee6999b-b9ce-373d-b91e-fc8e3917cb06"", ""type-id"": ""dd2a21e1-0c00-3729-a7a0-de60b84eb5d1"", ""primary-type-id"": ""f529b476-6e62-324f-b0aa-1f3e33d313fc"", ""title"": ""Best of Chris Isaak"", ""primary-type"": ""Album"", ""secondary-types"": [""Compilation""], ""secondary-type-ids"": [""dd2a21e1-0c00-3729-a7a0-de60b84eb5d1""]}, ""date"": ""2006-09-15"", ""country"": ""AU"", ""release-events"": [{""date"": ""2006-09-15"", ""area"": {""id"": ""106e0bec-b638-3b37-b731-f53d507dc00e"", ""name"": ""Australia"", ""sort-name"": ""Australia"", ""iso-3166-1-codes"": [""AU""]}}], ""track-count"": 36, ""media"": [{""id"": ""2e407e00-27ff-3ae5-8a76-fd786c318807"", ""position"": 1, ""format"": ""HDCD"", ""track"": [{""id"": ""94757e70-0561-414f-a071-85b41705c616"", ""number"": ""3"", ""title"": ""Wicked Game"", ""length"": 286880}], ""track-count"": 18, ""track-offset"": 2}]}, {""id"": ""ab9471c3-5aa0-4c10-ad24-6ed18fe149bf"", ""status-id"": ""4e304316-386d-3409-af2e-78857eec5cfe"", ""artist-credit-id"": ""566efeaa-79d3-3900-981c-9a2cf5735d64"", ""count"": 1, ""title"": ""Best of Chris Isaak"", ""status"": ""Official"", ""disambiguation"": ""remastered"", ""artist-credit"": [{""name"": ""Chris Isaak"", ""artist"": {""id"": ""479497d4-e7c2-4e78-972e-56e78fac3995"", ""name"": ""Chris Isaak"", ""sort-name"": ""Isaak, Chris""}}], ""release-group"": {""id"": ""bee6999b-b9ce-373d-b91e-fc8e3917cb06"", ""type-id"": ""dd2a21e1-0c00-3729-a7a0-de60b84eb5d1"", ""primary-type-id"": ""f529b476-6e62-324f-b0aa-1f3e33d313fc"", ""title"": ""Best of Chris Isaak"", ""primary-type"": ""Album"", ""secondary-types"": [""Compilation""], ""secondary-type-ids"": [""dd2a21e1-0c00-3729-a7a0-de60b84eb5d1""]}, ""date"": ""2006-05-09"", ""country"": ""AF"", ""release-events"": [{""date"": ""2006-05-09"", ""area"": {""id"": ""aa95182f-df0a-3ad6-8bfb-4b63482cd276"", ""name"": ""Afghanistan"", ""sort-name"": ""Afghanistan"", ""iso-3166-1-codes"": [""AF""]}}, {""date"": ""2006-05-09"", ""area"": {""id"": ""1c69b790-b46b-3e92-b6b4-93b4364badbc"", ""name"": ""Albania"", ""sort-name"": ""Albania"", ""iso-3166-1-codes"": [""AL""]}}, {""date"": ""2006-05-09"", ""area"": {""id"": ""28242750-534a-326b-8ed6-1b03dfb88cd0"", ""name"": ""Algeria"", ""sort-name"": ""Algeria"", ""iso-3166-1-codes"": [""DZ""]}}, {""date"": ""2006-05-09"", ""area"": {""id"": ""e228a3c1-53c0-3ec9-842b-ec1b2138e387"", ""name"": ""American Samoa"", ""sort-name"": ""American Samoa"", ""iso-3166-1-codes"": [""AS""]}}, {""date"": ""2006-05-09"", ""area"": {""id"": ""e01da61e-99a8-3c76-a27d-774c3f4982f0"", ""name"": ""Andorra"", ""sort-name"": ""Andorra"", ""iso-3166-1-codes"": [""AD""]}}, {""date"": ""2006-05-09"", ""area"": {""id"": ""2afd5d6a-5fee-3836-8783-44d0ec9ac115"", ""name"": ""Angola"", ""sort-name"": ""Angola"", ""iso-3166-1-codes"": [""AO""]}}, {""date"": ""2006-05-09"", ""area"": {""id"": ""eed9e8bb-b48f-30af-95f5-f178762ee515"", ""name"": ""Anguilla"", ""sort-name"": ""Anguilla"", ""iso-3166-1-codes"": [""AI""]}}, {""date"": ""2006-05-09"", ""area"": {""id"": ""aca6cbc7-4f3b-3020-8de3-c21718fe24f1"", ""name"": ""Antarctica"", ""sort-name"": ""Antarctica"", ""iso-3166-1-codes"": [""AQ""]}}, {""date"": ""2006-05-09"", ""area"": {""id"": ""2a8cc14f-8d47-389b-b54d-e94312b23d27"", ""name"": ""Antigua and Barbuda"", ""sort-name"": ""Antigua and Barbuda"", ""iso-3166-1-codes"": [""AG""]}}, {""date"": ""2006-05-09"", ""area"": {""id"": ""0df04709-c7d8-3b55-a6ea-f3e5069a947b"", ""name"": ""Argentina"", ""sort-name"": ""Argentina"", ""iso-3166-1-codes"": [""AR""]}}, {""date"": ""2006-05-09"", ""area"": {""id"": ""6474fa20-e0d6-3ef2-95ce-a6f73408cd5e"", ""name"": ""Armenia"", ""sort-name"": ""Armenia"", ""iso-3166-1-codes"": [""AM""]}}, {""date"": ""2006-05-09"", ""area"": {""id"": ""106e0bec-b638-3b37-b731-f53d507dc00e"", ""name"": ""Australia"", ""sort-name"": ""Australia"", ""iso-3166-1-codes"": [""AU""]}}, {""date"": ""2006-05-09"", ""area"": {""id"": ""caac77d1-a5c8-3e6e-8e27-90b44dcc1446"", ""name"": ""Austria"", ""sort-name"": ""Austria"", ""iso-3166-1-codes"": [""AT""]}}, {""date"": ""2006-05-09"", ""area"": {""id"": ""b211ad01-2f7d-32e9-80ed-cfd6c9eb6845"", ""name"": ""Azerbaijan"", ""sort-name"": ""Azerbaijan"", ""iso-3166-1-codes"": [""AZ""]}}, {""date"": ""2006-05-09"", ""area"": {""id"": ""65f4f7a6-d3c1-3a6b-a726-85e147d555b7"", ""name"": ""Bahrain"", ""sort-name"": ""Bahrain"", ""iso-3166-1-codes"": [""BH""]}}, {""date"": ""2006-05-09"", ""area"": {""id"": ""20395c3e-610c-34fd-9995-6b6f299121f2"", ""name"": ""Bangladesh"", ""sort-name"": ""Bangladesh"", ""iso-3166-1-codes"": [""BD""]}}, {""date"": ""2006-05-09"", ""area"": {""id"": ""e5d8d205-81d3-3cd3-8956-d5aaa0c0173f"", ""name"": ""Barbados"", ""sort-name"": ""Barbados"", ""iso-3166-1-codes"": [""BB""]}}, {""date"": ""2006-05-09"", ""area"": {""id"": ""660e3c48-b301-3c8c-9708-0f71d5d094d6"", ""name"": ""Belarus"", ""sort-name"": ""Belarus"", ""iso-3166-1-codes"": [""BY""]}}, {""date"": ""2006-05-09"", ""area"": {""id"": ""5b8a5ee5-0bb3-34cf-9a75-c27c44e341fc"", ""name"": ""Belgium"", ""sort-name"": ""Belgium"", ""iso-3166-1-codes"": [""BE""]}}, {""date"": ""2006-05-09"", ""area"": {""id"": ""1f72ee74-2d3f-3a40-846b-e3d780b73dd2"", ""name"": ""Benin"", ""sort-name"": ""Benin"", ""iso-3166-1-codes"": [""BJ""]}}, {""date"": ""2006-05-09"", ""area"": {""id"": ""2cbd5484-647d-3752-8acd-933ced4f9a24"", ""name"": ""Bhutan"", ""sort-name"": ""Bhutan"", ""iso-3166-1-codes"": [""BT""]}}, {""date"": ""2006-05-09"", ""area"": {""id"": ""a5aed4a3-8ce1-3ab3-bfee-b008cff6b857"", ""name"": ""Bolivia"", ""sort-name"": ""Bolivia"", ""iso-3166-1-codes"": [""BO""]}}, {""date"": ""2006-05-09"", ""area"": {""id"": ""f2b64f81-6d36-35b3-94b9-5ba53d693914"", ""name"": ""Bosnia and Herzegovina"", ""sort-name"": ""Bosnia and Herzegovina"", ""iso-3166-1-codes"": [""BA""]}}, {""date"": ""2006-05-09"", ""area"": {""id"": ""e5e11b08-d26d-341c-af28-69d3c26607f7"", ""name"": ""Botswana"", ""sort-name"": ""Botswana"", ""iso-3166-1-codes"": [""BW""]}}, {""date"": ""2006-05-09"", ""area"": {""id"": ""3413ecd3-a1f0-3e21-a226-d9ff3ed480b7"", ""name"": ""Bouvet Island"", ""sort-name"": ""Bouvet Island"", ""iso-3166-1-codes"": [""BV""]}}, {""date"": ""2006-05-09"", ""area"": {""id"": ""f45b47f8-5796-386e-b172-6c31b009a5d8"", ""name"": ""Brazil"", ""sort-name"": ""Brazil"", ""iso-3166-1-codes"": [""BR""]}}, {""date"": ""2006-05-09"", ""area"": {""id"": ""41c97db3-0719-363f-ad0b-79451e0f381b"", ""name"": ""British Indian Ocean Territory"", ""sort-name"": ""British Indian Ocean Territory"", ""iso-3166-1-codes"": [""IO""]}}, {""date"": ""2006-05-09"", ""area"": {""id"": ""5d1fe672-9c9a-3d58-a221-4b23e9274709"", ""name"": ""Brunei"", ""sort-name"": ""Brunei"", ""iso-3166-1-codes"": [""BN""]}}, {""date"": ""2006-05-09"", ""area"": {""id"": ""114c14ad-9776-34e9-81b0-6299507f3771"", ""name"": ""Bulgaria"", ""sort-name"": ""Bulgaria"", ""iso-3166-1-codes"": [""BG""]}}, {""date"": ""2006-05-09"", ""area"": {""id"": ""5f886d01-5c12-3abb-b8be-d758b282ab05"", ""name"": ""Burkina Faso"", ""sort-name"": ""Burkina Faso"", ""iso-3166-1-codes"": [""BF""]}}, {""date"": ""2006-05-09"", ""area"": {""id"": ""bd96f09c-c2a8-3996-b52f-291521b688c0"", ""name"": ""Burundi"", ""sort-name"": ""Burundi"", ""iso-3166-1-codes"": [""BI""]}}, {""date"": ""2006-05-09"", ""area"": {""id"": ""ee26e886-87f5-33a2-8e8e-f9591490426d"", ""name"": ""Cambodia"", ""sort-name"": ""Cambodia"", ""iso-3166-1-codes"": [""KH""]}}, {""date"": ""2006-05-09"", ""area"": {""id"": ""bf132644-e3ee-3bfc-9323-7f82824e4945"", ""name"": ""Cameroon"", ""sort-name"": ""Cameroon"", ""iso-3166-1-codes"": [""CM""]}}, {""date"": ""2006-05-09"", ""area"": {""id"": ""71bbafaa-e825-3e15-8ca9-017dcad1748b"", ""name"": ""Canada"", ""sort-name"": ""Canada"", ""iso-3166-1-codes"": [""CA""]}}, {""date"": ""2006-05-09"", ""area"": {""id"": ""41d328a3-01da-35c2-b26e-69c56d7121d1"", ""name"": ""Cape Verde"", ""sort-name"": ""Cape Verde"", ""iso-3166-1-codes"": [""CV""]}}, {""date"": ""2006-05-09"", ""area"": {""id"": ""5dd25184-711c-3e6a-b089-572cd095f287"", ""name"": ""Cayman Islands"", ""sort-name"": ""Cayman Islands"", ""iso-3166-1-codes"": [""KY""]}}, {""date"": ""2006-05-09"", ""area"": {""id"": ""863f49fc-16d0-3fa8-beae-242fc8ab114b"", ""name"": ""Central African Republic"", ""sort-name"": ""Central African Republic"", ""iso-3166-1-codes"": [""CF""]}}, {""date"": ""2006-05-09"", ""area"": {""id"": ""6ce82d72-8123-3365-ab34-7b20581a34cf"", ""name"": ""Chad"", ""sort-name"": ""Chad"", ""iso-3166-1-codes"": [""TD""]}}, {""date"": ""2006-05-09"", ""area"": {""id"": ""82d5f4d6-aed4-3ff5-81d1-5363ac6e97a7"", ""name"": ""Chile"", ""sort-name"": ""Chile"", ""iso-3166-1-codes"": [""CL""]}}, {""date"": ""2006-05-09"", ""area"": {""id"": ""7c81bb69-a99b-3487-b6d4-0f76d7a29ca0"", ""name"": ""China"", ""sort-name"": ""China"", ""iso-3166-1-codes"": [""CN""]}}, {""date"": ""2006-05-09"", ""area"": {""id"": ""5bc803ff-c3f9-3c36-a7d6-80bc1ab4a34e"", ""name"": ""Christmas Island"", ""sort-name"": ""Christmas Island"", ""iso-3166-1-codes"": [""CX""]}}, {""date"": ""2006-05-09"", ""area"": {""id"": ""3df32a28-e4b2-3c27-a85e-328e3f978bc5"", ""name"": ""Cocos (Keeling) Islands"", ""sort-name"": ""Cocos (Keeling) Islands"", ""iso-3166-1-codes"": [""CC""]}}, {""date"": ""2006-05-09"", ""area"": {""id"": ""02b60d8d-7164-339d-868d-22d147d9f74a"", ""name"": ""Colombia"", ""sort-name"": ""Colombia"", ""iso-3166-1-codes"": [""CO""]}}, {""date"": ""2006-05-09"", ""area"": {""id"": ""f8002d93-3b43-3bb7-84dd-4766ff7e5b3b"", ""name"": ""Comoros"", ""sort-name"": ""Comoros"", ""iso-3166-1-codes"": [""KM""]}}, {""date"": ""2006-05-09"", ""area"": {""id"": ""185bc3c4-4c5a-3f69-9384-7c280dfdf072"", ""name"": ""Congo"", ""sort-name"": ""Congo"", ""iso-3166-1-codes"": [""CG""]}}, {""date"": ""2006-05-09"", ""area"": {""id"": ""ef1ab25c-717b-30a8-8943-f9937aad8d1f"", ""name"": ""Cook Islands"", ""sort-name"": ""Cook Islands"", ""iso-3166-1-codes"": [""CK""]}}, {""date"": ""2006-05-09"", ""area"": {""id"": ""ba544658-8266-36cb-ac0e-3bdfbf52cb00"", ""name"": ""Costa Rica"", ""sort-name"": ""Costa Rica"", ""iso-3166-1-codes"": [""CR""]}}, {""date"": ""2006-05-09"", ""area"": {""id"": ""e56e3d7a-4b90-3546-8450-49548050924a"", ""name"": ""C\u00f4te d'Ivoire"", ""sort-name"": ""C\u00f4te d'Ivoire"", ""iso-3166-1-codes"": [""CI""]}}, {""date"": ""2006-05-09"", ""area"": {""id"": ""7d30afff-e425-356a-873e-17ae9745b31d"", ""name"": ""Croatia"", ""sort-name"": ""Croatia"", ""iso-3166-1-codes"": [""HR""]}}, {""date"": ""2006-05-09"", ""area"": {""id"": ""b06c4e86-97f7-3419-84a9-a23c60ea0b22"", ""name"": ""Cuba"", ""sort-name"": ""Cuba"", ""iso-3166-1-codes"": [""CU""]}}, {""date"": ""2006-05-09"", ""area"": {""id"": ""a75b525f-8c01-31f6-975e-4a32a2b001d5"", ""name"": ""Cyprus"", ""sort-name"": ""Cyprus"", ""iso-3166-1-codes"": [""CY""]}}, {""date"": ""2006-05-09"", ""area"": {""id"": ""51d34c28-61bf-3d21-849f-7492672a9d44"", ""name"": ""Czechia"", ""sort-name"": ""Czechia"", ""iso-3166-1-codes"": [""CZ""]}}, {""date"": ""2006-05-09"", ""area"": {""id"": ""4757b525-2a60-324a-b060-578765d2c993"", ""name"": ""Denmark"", ""sort-name"": ""Denmark"", ""iso-3166-1-codes"": [""DK""]}}, {""date"": ""2006-05-09"", ""area"": {""id"": ""aa560de1-9e56-38ab-8d20-6133be7f3f2a"", ""name"": ""Djibouti"", ""sort-name"": ""Djibouti"", ""iso-3166-1-codes"": [""DJ""]}}, {""date"": ""2006-05-09"", ""area"": {""id"": ""9898ec17-2174-3a61-9e3b-3f51b3ee4de1"", ""name"": ""Dominica"", ""sort-name"": ""Dominica"", ""iso-3166-1-codes"": [""DM""]}}, {""date"": ""2006-05-09"", ""area"": {""id"": ""696cb3e0-5084-30ab-9916-65ece70adbf6"", ""name"": ""Dominican Republic"", ""sort-name"": ""Dominican Republic"", ""iso-3166-1-codes"": [""DO""]}}, {""date"": ""2006-05-09"", ""area"": {""id"": ""738aed7d-cc30-3a90-af20-21477ba1e8cc"", ""name"": ""Timor-Leste"", ""sort-name"": ""Timor-Leste"", ""iso-3166-1-codes"": [""TL""]}}, {""date"": ""2006-05-09"", ""area"": {""id"": ""967abc0e-f680-3cde-95d0-0b79b977d410"", ""name"": ""Ecuador"", ""sort-name"": ""Ecuador"", ""iso-3166-1-codes"": [""EC""]}}, {""date"": ""2006-05-09"", ""area"": {""id"": ""8e0551f2-95c2-3cc0-a0a9-f2d344f10667"", ""name"": ""Egypt"", ""sort-name"": ""Egypt"", ""iso-3166-1-codes"": [""EG""]}}, {""date"": ""2006-05-09"", ""area"": {""id"": ""f2fa4bfb-97aa-3db4-8d49-cc64969ce1a7"", ""name"": ""El Salvador"", ""sort-name"": ""El Salvador"", ""iso-3166-1-codes"": [""SV""]}}, {""date"": ""2006-05-09"", ""area"": {""id"": ""218e28fc-7e19-3700-b4d5-5d9199a59418"", ""name"": ""Equatorial Guinea"", ""sort-name"": ""Equatorial Guinea"", ""iso-3166-1-codes"": [""GQ""]}}, {""date"": ""2006-05-09"", ""area"": {""id"": ""2005d841-29df-3445-8b5c-c981de756bd3"", ""name"": ""Eritrea"", ""sort-name"": ""Eritrea"", ""iso-3166-1-codes"": [""ER""]}}, {""date"": ""2006-05-09"", ""area"": {""id"": ""e1c1215f-dcc0-35b4-b840-d2ca2151593b"", ""name"": ""Estonia"", ""sort-name"": ""Estonia"", ""iso-3166-1-codes"": [""EE""]}}, {""date"": ""2006-05-09"", ""area"": {""id"": ""96699ab4-4bbf-332e-b037-b0119821f792"", ""name"": ""Ethiopia"", ""sort-name"": ""Ethiopia"", ""iso-3166-1-codes"": [""ET""]}}, {""date"": ""2006-05-09"", ""area"": {""id"": ""baa270d6-bb10-38d1-87bd-42a82b4efa9c"", ""name"": ""Falkland Islands"", ""sort-name"": ""Falkland Islands"", ""iso-3166-1-codes"": [""FK""]}}, {""date"": ""2006-05-09"", ""area"": {""id"": ""031eba2b-79b5-3314-a14b-288407ad42ab"", ""name"": ""Fiji"", ""sort-name"": ""Fiji"", ""iso-3166-1-codes"": [""FJ""]}}, {""date"": ""2006-05-09"", ""area"": {""id"": ""6a264f94-6ff1-30b1-9a81-41f7bfabd616"", ""name"": ""Finland"", ""sort-name"": ""Finland"", ""iso-3166-1-codes"": [""FI""]}}, {""date"": ""2006-05-09"", ""area"": {""id"": ""08310658-51eb-3801-80de-5a0739207115"", ""name"": ""France"", ""sort-name"": ""France"", ""iso-3166-1-codes"": [""FR""]}}, {""date"": ""2006-05-09"", ""area"": {""id"": ""d14441fe-3bce-34b5-aed5-dfbe987329c9"", ""name"": ""Gabon"", ""sort-name"": ""Gabon"", ""iso-3166-1-codes"": [""GA""]}}, {""date"": ""2006-05-09"", ""area"": {""id"": ""52641fae-20e3-3698-9fa9-1849f2c79ab8"", ""name"": ""Gambia"", ""sort-name"": ""Gambia"", ""iso-3166-1-codes"": [""GM""]}}, {""date"": ""2006-05-09"", ""area"": {""id"": ""7e081aa0-817b-3ae0-9fe2-4bb4e3b3cc95"", ""name"": ""Georgia"", ""sort-name"": ""Georgia"", ""iso-3166-1-codes"": [""GE""]}}, {""date"": ""2006-05-09"", ""area"": {""id"": ""85752fda-13c4-31a3-bee5-0e5cb1f51dad"", ""name"": ""Germany"", ""sort-name"": ""Germany"", ""iso-3166-1-codes"": [""DE""]}}, {""date"": ""2006-05-09"", ""area"": {""id"": ""cf48f4b4-28f0-39ab-9104-650324a1d1c8"", ""name"": ""Ghana"", ""sort-name"": ""Ghana"", ""iso-3166-1-codes"": [""GH""]}}, {""date"": ""2006-05-09"", ""area"": {""id"": ""803db0ca-b6ed-3bbc-aeb8-f89efd0a2168"", ""name"": ""Greece"", ""sort-name"": ""Greece"", ""iso-3166-1-codes"": [""GR""]}}, {""date"": ""2006-05-09"", ""area"": {""id"": ""217e2eb3-0a3a-3b59-9eaa-a7465c1417ff"", ""name"": ""Grenada"", ""sort-name"": ""Grenada"", ""iso-3166-1-codes"": [""GD""]}}, {""date"": ""2006-05-09"", ""area"": {""id"": ""43dd540a-78cd-319f-bab9-214b5430f3f2"", ""name"": ""Guam"", ""sort-name"": ""Guam"", ""iso-3166-1-codes"": [""GU""]}}, {""date"": ""2006-05-09"", ""area"": {""id"": ""01448ddc-6ee3-3fa4-b136-507d984e31ee"", ""name"": ""Guatemala"", ""sort-name"": ""Guatemala"", ""iso-3166-1-codes"": [""GT""]}}, {""date"": ""2006-05-09"", ""area"": {""id"": ""a58af0f8-b238-3da2-a57b-4aa0ff4ab574"", ""name"": ""Guinea"", ""sort-name"": ""Guinea"", ""iso-3166-1-codes"": [""GN""]}}, {""date"": ""2006-05-09"", ""area"": {""id"": ""4f01a1af-02ca-3b28-a64f-f38c36c08879"", ""name"": ""Guinea-Bissau"", ""sort-name"": ""Guinea-Bissau"", ""iso-3166-1-codes"": [""GW""]}}, {""date"": ""2006-05-09"", ""area"": {""id"": ""457accb6-fe97-307e-89a9-bad912a60e4e"", ""name"": ""Heard Island and McDonald Islands"", ""sort-name"": ""Heard Island and McDonald Islands"", ""iso-3166-1-codes"": [""HM""]}}, {""date"": ""2006-05-09"", ""area"": {""id"": ""0c3ea915-4e49-34fc-b702-debb216fd7fa"", ""name"": ""Honduras"", ""sort-name"": ""Honduras"", ""iso-3166-1-codes"": [""HN""]}}, {""date"": ""2006-05-09"", ""area"": {""id"": ""0373cdff-eac8-3fbc-92dc-36a607da06d1"", ""name"": ""Hong Kong"", ""sort-name"": ""Hong Kong"", ""iso-3166-1-codes"": [""HK""]}}, {""date"": ""2006-05-09"", ""area"": {""id"": ""312bc5bb-7e43-3e63-81c6-b4d712b37b2c"", ""name"": ""Hungary"", ""sort-name"": ""Hungary"", ""iso-3166-1-codes"": [""HU""]}}, {""date"": ""2006-05-09"", ""area"": {""id"": ""48802a32-075a-3805-a183-277c66047693"", ""name"": ""Iceland"", ""sort-name"": ""Iceland"", ""iso-3166-1-codes"": [""IS""]}}, {""date"": ""2006-05-09"", ""area"": {""id"": ""d31a9a15-537f-3669-ad53-25753ddd2772"", ""name"": ""India"", ""sort-name"": ""India"", ""iso-3166-1-codes"": [""IN""]}}, {""date"": ""2006-05-09"", ""area"": {""id"": ""d3a68bd0-7419-3f99-a5bd-204d6e057089"", ""name"": ""Indonesia"", ""sort-name"": ""Indonesia"", ""iso-3166-1-codes"": [""ID""]}}, {""date"": ""2006-05-09"", ""area"": {""id"": ""a63fbc7f-af00-33c7-8616-3e86df9fc16b"", ""name"": ""Iran"", ""sort-name"": ""Iran"", ""iso-3166-1-codes"": [""IR""]}}, {""date"": ""2006-05-09"", ""area"": {""id"": ""b0525ccb-15e9-3c56-81fa-471db3b31cfa"", ""name"": ""Iraq"", ""sort-name"": ""Iraq"", ""iso-3166-1-codes"": [""IQ""]}}, {""date"": ""2006-05-09"", ""area"": {""id"": ""390b05d4-11ec-3bce-a343-703a366b34a5"", ""name"": ""Ireland"", ""sort-name"": ""Ireland"", ""iso-3166-1-codes"": [""IE""]}}, {""date"": ""2006-05-09"", ""area"": {""id"": ""03691455-bb46-37e3-91d2-cb064a35ffcc"", ""name"": ""Israel"", ""sort-name"": ""Israel"", ""iso-3166-1-codes"": [""IL""]}}, {""date"": ""2006-05-09"", ""area"": {""id"": ""c6500277-9a3d-349b-bf30-41afdbf42add"", ""name"": ""Italy"", ""sort-name"": ""Italy"", ""iso-3166-1-codes"": [""IT""]}}, {""date"": ""2006-05-09"", ""area"": {""id"": ""2dd47a64-91d5-3b13-bc94-80043ed063d7"", ""name"": ""Jamaica"", ""sort-name"": ""Jamaica"", ""iso-3166-1-codes"": [""JM""]}}, {""date"": ""2006-05-09"", ""area"": {""id"": ""2db42837-c832-3c27-b4a3-08198f75693c"", ""name"": ""Japan"", ""sort-name"": ""Japan"", ""iso-3166-1-codes"": [""JP""]}}, {""date"": ""2006-05-09"", ""area"": {""id"": ""2e40127e-0b8a-3a01-bfbc-58c7fcdba532"", ""name"": ""Jordan"", ""sort-name"": ""Jordan"", ""iso-3166-1-codes"": [""JO""]}}, {""date"": ""2006-05-09"", ""area"": {""id"": ""92d52542-3363-351c-a8b6-d991e0bccb8f"", ""name"": ""Kazakhstan"", ""sort-name"": ""Kazakhstan"", ""iso-3166-1-codes"": [""KZ""]}}, {""date"": ""2006-05-09"", ""area"": {""id"": ""023da4a0-acee-3fb1-b91e-5de74ccf787b"", ""name"": ""Kenya"", ""sort-name"": ""Kenya"", ""iso-3166-1-codes"": [""KE""]}}, {""date"": ""2006-05-09"", ""area"": {""id"": ""2b425457-0a4f-3282-9d2f-0a0e0f7db2e5"", ""name"": ""Kiribati"", ""sort-name"": ""Kiribati"", ""iso-3166-1-codes"": [""KI""]}}, {""date"": ""2006-05-09"", ""area"": {""id"": ""445e806f-2e04-3f9a-89eb-ef5c4e97b365"", ""name"": ""North Korea"", ""sort-name"": ""North Korea"", ""iso-3166-1-codes"": [""KP""]}}, {""date"": ""2006-05-09"", ""area"": {""id"": ""b9f7d640-46e8-313e-b158-ded6d18593b3"", ""name"": ""South Korea"", ""sort-name"": ""South Korea"", ""iso-3166-1-codes"": [""KR""]}}, {""date"": ""2006-05-09"", ""area"": {""id"": ""f03f2625-dc7d-38b2-a058-4e9ca0e10424"", ""name"": ""Kuwait"", ""sort-name"": ""Kuwait"", ""iso-3166-1-codes"": [""KW""]}}, {""date"": ""2006-05-09"", ""area"": {""id"": ""188b4a6b-a4d8-3864-ba46-8446c7b658b4"", ""name"": ""Kyrgyzstan"", ""sort-name"": ""Kyrgyzstan"", ""iso-3166-1-codes"": [""KG""]}}, {""date"": ""2006-05-09"", ""area"": {""id"": ""c81cb1f4-0858-3f28-9082-c06e2ce24bea"", ""name"": ""Laos"", ""sort-name"": ""Laos"", ""iso-3166-1-codes"": [""LA""]}}, {""date"": ""2006-05-09"", ""area"": {""id"": ""66eb3e73-d69e-3581-9a23-a73b4c64c8dd"", ""name"": ""Latvia"", ""sort-name"": ""Latvia"", ""iso-3166-1-codes"": [""LV""]}}, {""date"": ""2006-05-09"", ""area"": {""id"": ""8138206e-5786-3f86-a53b-19a7303e7419"", ""name"": ""Lebanon"", ""sort-name"": ""Lebanon"", ""iso-3166-1-codes"": [""LB""]}}, {""date"": ""2006-05-09"", ""area"": {""id"": ""c5011696-e744-3946-a2c1-e3fe7e6dde37"", ""name"": ""Lesotho"", ""sort-name"": ""Lesotho"", ""iso-3166-1-codes"": [""LS""]}}, {""date"": ""2006-05-09"", ""area"": {""id"": ""d66e68e6-6410-3d34-a8aa-9242045ed593"", ""name"": ""Liberia"", ""sort-name"": ""Liberia"", ""iso-3166-1-codes"": [""LR""]}}, {""date"": ""2006-05-09"", ""area"": {""id"": ""1509aaae-8271-30cb-89c1-d8660cf73975"", ""name"": ""Libya"", ""sort-name"": ""Libya"", ""iso-3166-1-codes"": [""LY""]}}, {""date"": ""2006-05-09"", ""area"": {""id"": ""d2007481-eefe-37c0-be71-2256dfe148cb"", ""name"": ""Liechtenstein"", ""sort-name"": ""Liechtenstein"", ""iso-3166-1-codes"": [""LI""]}}, {""date"": ""2006-05-09"", ""area"": {""id"": ""0785dc14-96af-3dc4-bde4-dcdfc2e2d0d6"", ""name"": ""Lithuania"", ""sort-name"": ""Lithuania"", ""iso-3166-1-codes"": [""LT""]}}, {""date"": ""2006-05-09"", ""area"": {""id"": ""563d21b7-4a8e-35e2-83a7-7804baefbfa7"", ""name"": ""Luxembourg"", ""sort-name"": ""Luxembourg"", ""iso-3166-1-codes"": [""LU""]}}, {""date"": ""2006-05-09"", ""area"": {""id"": ""fa75cdb9-cbc4-35de-8bf4-a21e7b811484"", ""name"": ""North Macedonia"", ""sort-name"": ""North Macedonia"", ""iso-3166-1-codes"": [""MK""]}}, {""date"": ""2006-05-09"", ""area"": {""id"": ""f3a30678-3d23-3f42-8056-d32ebe58c66d"", ""name"": ""Madagascar"", ""sort-name"": ""Madagascar"", ""iso-3166-1-codes"": [""MG""]}}, {""date"": ""2006-05-09"", ""area"": {""id"": ""b4d3ff41-ead2-300f-9c11-f73f8ad39678"", ""name"": ""Malawi"", ""sort-name"": ""Malawi"", ""iso-3166-1-codes"": [""MW""]}}, {""date"": ""2006-05-09"", ""area"": {""id"": ""305d19c7-c040-349c-8d5f-6ac75d2d2a09"", ""name"": ""Malaysia"", ""sort-name"": ""Malaysia"", ""iso-3166-1-codes"": [""MY""]}}, {""date"": ""2006-05-09"", ""area"": {""id"": ""a195ee41-7f39-3a60-83ca-4a6f91cd4d2e"", ""name"": ""Maldives"", ""sort-name"": ""Maldives"", ""iso-3166-1-codes"": [""MV""]}}, {""date"": ""2006-05-09"", ""area"": {""id"": ""c35e6d5e-9011-32e5-a23f-9e7639b7350c"", ""name"": ""Mali"", ""sort-name"": ""Mali"", ""iso-3166-1-codes"": [""ML""]}}, {""date"": ""2006-05-09"", ""area"": {""id"": ""050c94f7-1413-3a34-bb90-4a94f3bb2084"", ""name"": ""Malta"", ""sort-name"": ""Malta"", ""iso-3166-1-codes"": [""MT""]}}, {""date"": ""2006-05-09"", ""area"": {""id"": ""bf8c2e6f-2401-3a52-aad2-7e8baa8b447e"", ""name"": ""Marshall Islands"", ""sort-name"": ""Marshall Islands"", ""iso-3166-1-codes"": [""MH""]}}, {""date"": ""2006-05-09"", ""area"": {""id"": ""657e69c5-cda0-3592-9d39-85b55610bc40"", ""name"": ""Mauritania"", ""sort-name"": ""Mauritania"", ""iso-3166-1-codes"": [""MR""]}}, {""date"": ""2006-05-09"", ""area"": {""id"": ""bb019165-42ef-3470-bcb8-36d1b45e4bc1"", ""name"": ""Mauritius"", ""sort-name"": ""Mauritius"", ""iso-3166-1-codes"": [""MU""]}}, {""date"": ""2006-05-09"", ""area"": {""id"": ""3e08b2cd-69f3-317c-b1e4-e71be581839e"", ""name"": ""Mexico"", ""sort-name"": ""Mexico"", ""iso-3166-1-codes"": [""MX""]}}, {""date"": ""2006-05-09"", ""area"": {""id"": ""aabae773-4997-37ba-950a-394c06847631"", ""name"": ""Federated States of Micronesia"", ""sort-name"": ""Federated States of Micronesia"", ""iso-3166-1-codes"": [""FM""]}}, {""date"": ""2006-05-09"", ""area"": {""id"": ""560ddb6d-4304-3938-8407-c96605226fad"", ""name"": ""Moldova"", ""sort-name"": ""Moldova"", ""iso-3166-1-codes"": [""MD""]}}, {""date"": ""2006-05-09"", ""area"": {""id"": ""6f26d528-4467-3ecb-b105-10daf3466b40"", ""name"": ""Monaco"", ""sort-name"": ""Monaco"", ""iso-3166-1-codes"": [""MC""]}}, {""date"": ""2006-05-09"", ""area"": {""id"": ""84360c54-1763-3146-ae38-a439c72fd4ea"", ""name"": ""Mongolia"", ""sort-name"": ""Mongolia"", ""iso-3166-1-codes"": [""MN""]}}, {""date"": ""2006-05-09"", ""area"": {""id"": ""290ea438-1cb6-35e1-9755-6ab123214293"", ""name"": ""Montserrat"", ""sort-name"": ""Montserrat"", ""iso-3166-1-codes"": [""MS""]}}, {""date"": ""2006-05-09"", ""area"": {""id"": ""b84d8617-249a-3a06-849d-fc5c25e2249b"", ""name"": ""Morocco"", ""sort-name"": ""Morocco"", ""iso-3166-1-codes"": [""MA""]}}, {""date"": ""2006-05-09"", ""area"": {""id"": ""325ce9a0-d58f-3564-b24e-647b33098767"", ""name"": ""Mozambique"", ""sort-name"": ""Mozambique"", ""iso-3166-1-codes"": [""MZ""]}}, {""date"": ""2006-05-09"", ""area"": {""id"": ""fb1fb575-39ee-34d8-a744-6a880700fd73"", ""name"": ""Myanmar"", ""sort-name"": ""Myanmar"", ""iso-3166-1-codes"": [""MM""]}}, {""date"": ""2006-05-09"", ""area"": {""id"": ""cd4fadac-d701-3401-8516-420de2cb4e5c"", ""name"": ""Namibia"", ""sort-name"": ""Namibia"", ""iso-3166-1-codes"": [""NA""]}}, {""date"": ""2006-05-09"", ""area"": {""id"": ""7784f515-5886-3831-9b33-a7f665795d7f"", ""name"": ""Nauru"", ""sort-name"": ""Nauru"", ""iso-3166-1-codes"": [""NR""]}}, {""date"": ""2006-05-09"", ""area"": {""id"": ""8815c87e-cf3f-362c-a5c6-05ce853a4c79"", ""name"": ""Nepal"", ""sort-name"": ""Nepal"", ""iso-3166-1-codes"": [""NP""]}}, {""date"": ""2006-05-09"", ""area"": {""id"": ""ef1b7cc0-cd26-36f4-8ea0-04d9623786c7"", ""name"": ""Netherlands"", ""sort-name"": ""Netherlands"", ""iso-3166-1-codes"": [""NL""]}}, {""date"": ""2006-05-09"", ""area"": {""id"": ""c741c28e-cbec-3977-88c8-583a8af62522"", ""name"": ""Netherlands Antilles"", ""sort-name"": ""Netherlands Antilles"", ""iso-3166-1-codes"": [""AN""]}}, {""date"": ""2006-05-09"", ""area"": {""id"": ""8524c7d9-f472-3890-a458-f28d5081d9c4"", ""name"": ""New Zealand"", ""sort-name"": ""New Zealand"", ""iso-3166-1-codes"": [""NZ""]}}, {""date"": ""2006-05-09"", ""area"": {""id"": ""d2b87acd-06ce-3c71-b3ff-a35d914bbabe"", ""name"": ""Nicaragua"", ""sort-name"": ""Nicaragua"", ""iso-3166-1-codes"": [""NI""]}}, {""date"": ""2006-05-09"", ""area"": {""id"": ""f27e792b-ddd2-3a70-bdd4-41fb11534b57"", ""name"": ""Niger"", ""sort-name"": ""Niger"", ""iso-3166-1-codes"": [""NE""]}}, {""date"": ""2006-05-09"", ""area"": {""id"": ""1e23d84b-202e-3fc8-8c49-debc71e9eb16"", ""name"": ""Nigeria"", ""sort-name"": ""Nigeria"", ""iso-3166-1-codes"": [""NG""]}}, {""date"": ""2006-05-09"", ""area"": {""id"": ""7fc2feb2-0d33-31ef-b496-b812a4dd2965"", ""name"": ""Niue"", ""sort-name"": ""Niue"", ""iso-3166-1-codes"": [""NU""]}}, {""date"": ""2006-05-09"", ""area"": {""id"": ""a2b3b8cb-79e8-3c26-8a2a-3ccc7dd80cda"", ""name"": ""Norfolk Island"", ""sort-name"": ""Norfolk Island"", ""iso-3166-1-codes"": [""NF""]}}, {""date"": ""2006-05-09"", ""area"": {""id"": ""9a84fea2-1c1f-3908-a44a-6fa2b6fa7b26"", ""name"": ""Northern Mariana Islands"", ""sort-name"": ""Northern Mariana Islands"", ""iso-3166-1-codes"": [""MP""]}}, {""date"": ""2006-05-09"", ""area"": {""id"": ""6743d351-6f37-3049-9724-5041161fff4d"", ""name"": ""Norway"", ""sort-name"": ""Norway"", ""iso-3166-1-codes"": [""NO""]}}, {""date"": ""2006-05-09"", ""area"": {""id"": ""7ccdff29-2e00-3e50-9520-b9ea1e918bc2"", ""name"": ""Oman"", ""sort-name"": ""Oman"", ""iso-3166-1-codes"": [""OM""]}}, {""date"": ""2006-05-09"", ""area"": {""id"": ""7c87112d-504d-31f1-8147-11ff45fc3bfd"", ""name"": ""Pakistan"", ""sort-name"": ""Pakistan"", ""iso-3166-1-codes"": [""PK""]}}, {""date"": ""2006-05-09"", ""area"": {""id"": ""9d800529-1ef8-39bb-9e42-1fa74f2eac97"", ""name"": ""Palau"", ""sort-name"": ""Palau"", ""iso-3166-1-codes"": [""PW""]}}, {""date"": ""2006-05-09"", ""area"": {""id"": ""6f85633b-dff4-3fb4-babd-fb89b3628041"", ""name"": ""Panama"", ""sort-name"": ""Panama"", ""iso-3166-1-codes"": [""PA""]}}, {""date"": ""2006-05-09"", ""area"": {""id"": ""2366f623-b236-3073-bbfe-c26d6d6f195f"", ""name"": ""Papua New Guinea"", ""sort-name"": ""Papua New Guinea"", ""iso-3166-1-codes"": [""PG""]}}, {""date"": ""2006-05-09"", ""area"": {""id"": ""0a750c98-a7a5-3d55-bd52-f6e9011b1537"", ""name"": ""Paraguay"", ""sort-name"": ""Paraguay"", ""iso-3166-1-codes"": [""PY""]}}, {""date"": ""2006-05-09"", ""area"": {""id"": ""719f6082-95c7-3dd5-9503-e143010a6cc1"", ""name"": ""Peru"", ""sort-name"": ""Peru"", ""iso-3166-1-codes"": [""PE""]}}, {""date"": ""2006-05-09"", ""area"": {""id"": ""786532a5-2e36-315a-bdf2-221dc1b64b72"", ""name"": ""Philippines"", ""sort-name"": ""Philippines"", ""iso-3166-1-codes"": [""PH""]}}, {""date"": ""2006-05-09"", ""area"": {""id"": ""27b5df20-d817-3126-b3a0-1be6a75f7496"", ""name"": ""Pitcairn"", ""sort-name"": ""Pitcairn"", ""iso-3166-1-codes"": [""PN""]}}, {""date"": ""2006-05-09"", ""area"": {""id"": ""dd7f80c8-f017-3d01-8608-2a8c9c32b954"", ""name"": ""Poland"", ""sort-name"": ""Poland"", ""iso-3166-1-codes"": [""PL""]}}, {""date"": ""2006-05-09"", ""area"": {""id"": ""781b0c54-3d54-362d-a941-8a617def4992"", ""name"": ""Portugal"", ""sort-name"": ""Portugal"", ""iso-3166-1-codes"": [""PT""]}}, {""date"": ""2006-05-09"", ""area"": {""id"": ""348dcc25-7bb6-3f75-8739-97eabc84a330"", ""name"": ""Qatar"", ""sort-name"": ""Qatar"", ""iso-3166-1-codes"": [""QA""]}}, {""date"": ""2006-05-09"", ""area"": {""id"": ""61ed84b8-5a10-30a7-8376-ccd51801d6d1"", ""name"": ""Romania"", ""sort-name"": ""Romania"", ""iso-3166-1-codes"": [""RO""]}}, {""date"": ""2006-05-09"", ""area"": {""id"": ""1f1fc3a4-9500-39b8-9f10-f0a465557eef"", ""name"": ""Russia"", ""sort-name"": ""Russia"", ""iso-3166-1-codes"": [""RU""]}}, {""date"": ""2006-05-09"", ""area"": {""id"": ""5921efcf-344c-3e55-829d-34fca714fcde"", ""name"": ""Rwanda"", ""sort-name"": ""Rwanda"", ""iso-3166-1-codes"": [""RW""]}}, {""date"": ""2006-05-09"", ""area"": {""id"": ""b1439904-121a-38fb-8708-0573cb42e2ef"", ""name"": ""Saint Kitts and Nevis"", ""sort-name"": ""Saint Kitts and Nevis"", ""iso-3166-1-codes"": [""KN""]}}, {""date"": ""2006-05-09"", ""area"": {""id"": ""178709ab-9e22-39ae-a93c-55e66a8183c2"", ""name"": ""Saint Lucia"", ""sort-name"": ""Saint Lucia"", ""iso-3166-1-codes"": [""LC""]}}, {""date"": ""2006-05-09"", ""area"": {""id"": ""7f9f87ec-3c1e-300d-9bb8-fa93f0754e6b"", ""name"": ""Saint Vincent and The Grenadines"", ""sort-name"": ""Saint Vincent and The Grenadines"", ""iso-3166-1-codes"": [""VC""]}}, {""date"": ""2006-05-09"", ""area"": {""id"": ""2cc3ea35-b05a-3ec0-a5a2-88e8a482854a"", ""name"": ""Samoa"", ""sort-name"": ""Samoa"", ""iso-3166-1-codes"": [""WS""]}}, {""date"": ""2006-05-09"", ""area"": {""id"": ""dcb0e217-84cb-3772-b98f-a7a7a1dbe185"", ""name"": ""Sao Tome and Principe"", ""sort-name"": ""Sao Tome and Principe"", ""iso-3166-1-codes"": [""ST""]}}, {""date"": ""2006-05-09"", ""area"": {""id"": ""9705be0d-51fb-3990-8726-ec9f56c66ba0"", ""name"": ""Saudi Arabia"", ""sort-name"": ""Saudi Arabia"", ""iso-3166-1-codes"": [""SA""]}}, {""date"": ""2006-05-09"", ""area"": {""id"": ""122bb81f-191e-3798-8be2-4b54ffd7ffa4"", ""name"": ""Senegal"", ""sort-name"": ""Senegal"", ""iso-3166-1-codes"": [""SN""]}}, {""date"": ""2006-05-09"", ""area"": {""id"": ""be43ea01-053a-3b23-b03d-2df8317a57ff"", ""name"": ""Seychelles"", ""sort-name"": ""Seychelles"", ""iso-3166-1-codes"": [""SC""]}}, {""date"": ""2006-05-09"", ""area"": {""id"": ""2b547f54-a97c-3481-9625-7ad9a670b1e6"", ""name"": ""Sierra Leone"", ""sort-name"": ""Sierra Leone"", ""iso-3166-1-codes"": [""SL""]}}, {""date"": ""2006-05-09"", ""area"": {""id"": ""aa344640-fd57-3960-afb4-84d0d3b69d3d"", ""name"": ""Singapore"", ""sort-name"": ""Singapore"", ""iso-3166-1-codes"": [""SG""]}}, {""date"": ""2006-05-09"", ""area"": {""id"": ""eb52ca74-dd11-37a1-a3fa-154430bf2df2"", ""name"": ""Slovakia"", ""sort-name"": ""Slovakia"", ""iso-3166-1-codes"": [""SK""]}}, {""date"": ""2006-05-09"", ""area"": {""id"": ""5b0b6225-584c-3942-b69d-5efceb9989af"", ""name"": ""Slovenia"", ""sort-name"": ""Slovenia"", ""iso-3166-1-codes"": [""SI""]}}, {""date"": ""2006-05-09"", ""area"": {""id"": ""7fe4001e-eda5-3b5b-bbd8-0f773e76d09c"", ""name"": ""Solomon Islands"", ""sort-name"": ""Solomon Islands"", ""iso-3166-1-codes"": [""SB""]}}, {""date"": ""2006-05-09"", ""area"": {""id"": ""d58b9eb1-c88d-3529-bb4c-b66c96b18c45"", ""name"": ""Somalia"", ""sort-name"": ""Somalia"", ""iso-3166-1-codes"": [""SO""]}}, {""date"": ""2006-05-09"", ""area"": {""id"": ""50cc7852-862e-30ae-aa82-385fe7135b7f"", ""name"": ""South Africa"", ""sort-name"": ""South Africa"", ""iso-3166-1-codes"": [""ZA""]}}, {""date"": ""2006-05-09"", ""area"": {""id"": ""471c46a7-afc5-31c4-923c-d0444f5053a4"", ""name"": ""Spain"", ""sort-name"": ""Spain"", ""iso-3166-1-codes"": [""ES""]}}, {""date"": ""2006-05-09"", ""area"": {""id"": ""6e2d562d-a754-3036-8484-7ac576606e27"", ""name"": ""Sri Lanka"", ""sort-name"": ""Sri Lanka"", ""iso-3166-1-codes"": [""LK""]}}, {""date"": ""2006-05-09"", ""area"": {""id"": ""038ad5ba-df6d-35ad-ba12-efe6edd7d0a4"", ""name"": ""Sudan"", ""sort-name"": ""Sudan"", ""iso-3166-1-codes"": [""SD""]}}, {""date"": ""2006-05-09"", ""area"": {""id"": ""32f9a3f3-046f-355f-b4dc-5158d71957c8"", ""name"": ""Svalbard and Jan Mayen"", ""sort-name"": ""Svalbard and Jan Mayen"", ""iso-3166-1-codes"": [""SJ""]}}, {""date"": ""2006-05-09"", ""area"": {""id"": ""564741c6-943e-313b-86fa-9819d595281b"", ""name"": ""Eswatini"", ""sort-name"": ""Eswatini"", ""iso-3166-1-codes"": [""SZ""]}}, {""date"": ""2006-05-09"", ""area"": {""id"": ""23d10872-f5ae-3f0c-bf55-332788a16ecb"", ""name"": ""Sweden"", ""sort-name"": ""Sweden"", ""iso-3166-1-codes"": [""SE""]}}, {""date"": ""2006-05-09"", ""area"": {""id"": ""1333ff06-8e3d-3c8e-9f3a-13a2a38b41df"", ""name"": ""Switzerland"", ""sort-name"": ""Switzerland"", ""iso-3166-1-codes"": [""CH""]}}, {""date"": ""2006-05-09"", ""area"": {""id"": ""18086faa-7f75-3ca3-a5bb-a77a83d4b200"", ""name"": ""Syria"", ""sort-name"": ""Syria"", ""iso-3166-1-codes"": [""SY""]}}, {""date"": ""2006-05-09"", ""area"": {""id"": ""41637cec-9a4f-389c-86d2-fc6abf3357b5"", ""name"": ""Taiwan"", ""sort-name"": ""Taiwan"", ""iso-3166-1-codes"": [""TW""]}}, {""date"": ""2006-05-09"", ""area"": {""id"": ""8259e91f-10fa-3c38-92fb-8e6822c279d5"", ""name"": ""Tajikistan"", ""sort-name"": ""Tajikistan"", ""iso-3166-1-codes"": [""TJ""]}}, {""date"": ""2006-05-09"", ""area"": {""id"": ""c2676abd-2ac7-351a-94a9-a802b3434737"", ""name"": ""Tanzania"", ""sort-name"": ""Tanzania"", ""iso-3166-1-codes"": [""TZ""]}}, {""date"": ""2006-05-09"", ""area"": {""id"": ""ce209e56-cda5-358e-96db-830e3405b675"", ""name"": ""Thailand"", ""sort-name"": ""Thailand"", ""iso-3166-1-codes"": [""TH""]}}, {""date"": ""2006-05-09"", ""area"": {""id"": ""9a4a20b1-eff0-364a-a157-dc709b07eadc"", ""name"": ""Togo"", ""sort-name"": ""Togo"", ""iso-3166-1-codes"": [""TG""]}}, {""date"": ""2006-05-09"", ""area"": {""id"": ""756f26ff-2bc5-3d25-b429-6873ccbe160d"", ""name"": ""Tokelau"", ""sort-name"": ""Tokelau"", ""iso-3166-1-codes"": [""TK""]}}, {""date"": ""2006-05-09"", ""area"": {""id"": ""a2b8e506-3570-3a56-826e-939049c59428"", ""name"": ""Tonga"", ""sort-name"": ""Tonga"", ""iso-3166-1-codes"": [""TO""]}}, {""date"": ""2006-05-09"", ""area"": {""id"": ""58955071-67c1-3491-8dec-48d28f824bda"", ""name"": ""Tunisia"", ""sort-name"": ""Tunisia"", ""iso-3166-1-codes"": [""TN""]}}, {""date"": ""2006-05-09"", ""area"": {""id"": ""d3be28b4-41f7-3752-8a05-ed45e1d1e492"", ""name"": ""T\u00fcrkiye"", ""sort-name"": ""T\u00fcrkiye"", ""iso-3166-1-codes"": [""TR""]}}, {""date"": ""2006-05-09"", ""area"": {""id"": ""98e38a45-b90e-3575-943e-23e26ce3a69f"", ""name"": ""Turkmenistan"", ""sort-name"": ""Turkmenistan"", ""iso-3166-1-codes"": [""TM""]}}, {""date"": ""2006-05-09"", ""area"": {""id"": ""a2d01b31-5184-382e-aab5-63b5944195b7"", ""name"": ""Turks and Caicos Islands"", ""sort-name"": ""Turks and Caicos Islands"", ""iso-3166-1-codes"": [""TC""]}}, {""date"": ""2006-05-09"", ""area"": {""id"": ""529117db-25de-3d09-9722-b54937a17590"", ""name"": ""Tuvalu"", ""sort-name"": ""Tuvalu"", ""iso-3166-1-codes"": [""TV""]}}, {""date"": ""2006-05-09"", ""area"": {""id"": ""1ac655f1-12d1-351a-a2b2-8404167e0e0b"", ""name"": ""Uganda"", ""sort-name"": ""Uganda"", ""iso-3166-1-codes"": [""UG""]}}, {""date"": ""2006-05-09"", ""area"": {""id"": ""904768d0-61ca-3c40-93ac-93adc36fef4b"", ""name"": ""Ukraine"", ""sort-name"": ""Ukraine"", ""iso-3166-1-codes"": [""UA""]}}, {""date"": ""2006-05-09"", ""area"": {""id"": ""fe40c648-ba74-3e17-b768-58181d5ee563"", ""name"": ""United Arab Emirates"", ""sort-name"": ""United Arab Emirates"", ""iso-3166-1-codes"": [""AE""]}}, {""date"": ""2006-05-09"", ""area"": {""id"": ""8a754a16-0027-3a29-b6d7-2b40ea0481ed"", ""name"": ""United Kingdom"", ""sort-name"": ""United Kingdom"", ""iso-3166-1-codes"": [""GB""]}}, {""date"": ""2006-05-09"", ""area"": {""id"": ""489ce91b-6658-3307-9877-795b68554c98"", ""name"": ""United States"", ""sort-name"": ""United States"", ""iso-3166-1-codes"": [""US""]}}, {""date"": ""2006-05-09"", ""area"": {""id"": ""4e8596fe-cbee-34ce-8b35-1f3c9bc094d6"", ""name"": ""United States Minor Outlying Islands"", ""sort-name"": ""United States Minor Outlying Islands"", ""iso-3166-1-codes"": [""UM""]}}, {""date"": ""2006-05-09"", ""area"": {""id"": ""ea88d395-87c9-3c47-b49a-114cad41fd39"", ""name"": ""Uruguay"", ""sort-name"": ""Uruguay"", ""iso-3166-1-codes"": [""UY""]}}, {""date"": ""2006-05-09"", ""area"": {""id"": ""95c0c3ee-ed52-31c4-83e6-19ced497e6d0"", ""name"": ""Uzbekistan"", ""sort-name"": ""Uzbekistan"", ""iso-3166-1-codes"": [""UZ""]}}, {""date"": ""2006-05-09"", ""area"": {""id"": ""c2021af8-7645-3f38-aa1b-ada0a13d4faf"", ""name"": ""Vanuatu"", ""sort-name"": ""Vanuatu"", ""iso-3166-1-codes"": [""VU""]}}, {""date"": ""2006-05-09"", ""area"": {""id"": ""2ac90d6b-04fa-3006-8a91-89da01032365"", ""name"": ""Venezuela"", ""sort-name"": ""Venezuela"", ""iso-3166-1-codes"": [""VE""]}}, {""date"": ""2006-05-09"", ""area"": {""id"": ""0158e991-c3c6-374a-9b9d-024bbaff6980"", ""name"": ""Vietnam"", ""sort-name"": ""Vietnam"", ""iso-3166-1-codes"": [""VN""]}}, {""date"": ""2006-05-09"", ""area"": {""id"": ""8562c2e5-eabb-3fad-96f2-f536a93a2957"", ""name"": ""British Virgin Islands"", ""sort-name"": ""British Virgin Islands"", ""iso-3166-1-codes"": [""VG""]}}, {""date"": ""2006-05-09"", ""area"": {""id"": ""f33958ac-4198-3ce8-a751-1c44d9b4063a"", ""name"": ""U.S. Virgin Islands"", ""sort-name"": ""U.S. Virgin Islands"", ""iso-3166-1-codes"": [""VI""]}}, {""date"": ""2006-05-09"", ""area"": {""id"": ""c14bc23d-d5fe-3146-9ddf-2cd78ec62d8f"", ""name"": ""Western Sahara"", ""sort-name"": ""Western Sahara"", ""iso-3166-1-codes"": [""EH""]}}, {""date"": ""2006-05-09"", ""area"": {""id"": ""e8e9ecdc-19d3-360b-8f1a-9c80e6c12830"", ""name"": ""Yemen"", ""sort-name"": ""Yemen"", ""iso-3166-1-codes"": [""YE""]}}, {""date"": ""2006-05-09"", ""area"": {""id"": ""d1733e16-9064-3181-961d-d56f8599969b"", ""name"": ""Democratic Republic of the Congo"", ""sort-name"": ""Democratic Republic of the Congo"", ""iso-3166-1-codes"": [""CD""]}}, {""date"": ""2006-05-09"", ""area"": {""id"": ""d662dd74-1fc1-3e36-b427-bbbe29684618"", ""name"": ""Zambia"", ""sort-name"": ""Zambia"", ""iso-3166-1-codes"": [""ZM""]}}, {""date"": ""2006-05-09"", ""area"": {""id"": ""691e8ad6-2cc8-3678-8495-1ac96bbede55"", ""name"": ""Zimbabwe"", ""sort-name"": ""Zimbabwe"", ""iso-3166-1-codes"": [""ZW""]}}, {""date"": ""2006-05-09"", ""area"": {""id"": ""6f8faf25-44cb-313b-9162-77145cdc192d"", ""name"": ""Montenegro"", ""sort-name"": ""Montenegro"", ""iso-3166-1-codes"": [""ME""]}}, {""date"": ""2006-05-09"", ""area"": {""id"": ""38ce2215-162b-3f3c-af41-34800017e1d8"", ""name"": ""South Georgia and the South Sandwich Islands"", ""sort-name"": ""South Georgia and the South Sandwich Islands"", ""iso-3166-1-codes"": [""GS""]}}, {""date"": ""2006-05-09"", ""area"": {""id"": ""7d24dd34-a00f-37a1-8307-f2ef1dd3dbcd"", ""name"": ""Palestine"", ""sort-name"": ""Palestine"", ""iso-3166-1-codes"": [""PS""]}}, {""date"": ""2006-05-09"", ""area"": {""id"": ""424c1b50-57f8-34af-ab97-313e2ad40058"", ""name"": ""Serbia"", ""sort-name"": ""Serbia"", ""iso-3166-1-codes"": [""RS""]}}, {""date"": ""2006-05-09"", ""area"": {""id"": ""7b6ae6b7-6f4f-43df-aab8-0c72531ea8ae"", ""name"": ""Kosovo"", ""sort-name"": ""Kosovo"", ""iso-3166-1-codes"": [""XK""]}}], ""track-count"": 18, ""media"": [{""id"": ""6f16ce5b-3a1f-33b8-bb45-e7e67e09b8e2"", ""position"": 1, ""format"": ""Digital Media"", ""track"": [{""id"": ""3bfd22f6-36a1-45c8-8572-4054f93a617f"", ""number"": ""3"", ""title"": ""Wicked Game"", ""length"": 286880}], ""track-count"": 18, ""track-offset"": 2}]}, {""id"": ""8d9aa5dc-c722-41f0-8246-0a128c36820e"", ""status-id"": ""4e304316-386d-3409-af2e-78857eec5cfe"", ""artist-credit-id"": ""949a7fd5-fe73-3e8f-922e-01ff4ca958f7"", ""count"": 2, ""title"": ""Kuschelrock 5"", ""status"": ""Official"", ""disambiguation"": ""Bertelsmann club edition"", ""artist-credit"": [{""name"": ""Various Artists"", ""artist"": {""id"": ""89ad4ac3-39f7-470e-963a-56509c546377"", ""name"": ""Various Artists"", ""sort-name"": ""Various Artists"", ""disambiguation"": ""add compilations to this artist""}}], ""release-group"": {""id"": ""d74b89a0-2287-3d34-838c-c74b749cca2b"", ""type-id"": ""dd2a21e1-0c00-3729-a7a0-de60b84eb5d1"", ""primary-type-id"": ""f529b476-6e62-324f-b0aa-1f3e33d313fc"", ""title"": ""Kuschelrock 5"", ""primary-type"": ""Album"", ""secondary-types"": [""Compilation""], ""secondary-type-ids"": [""dd2a21e1-0c00-3729-a7a0-de60b84eb5d1""]}, ""date"": """", ""country"": ""DE"", ""release-events"": [{""date"": """", ""area"": {""id"": ""85752fda-13c4-31a3-bee5-0e5cb1f51dad"", ""name"": ""Germany"", ""sort-name"": ""Germany"", ""iso-3166-1-codes"": [""DE""]}}], ""track-count"": 36, ""media"": [{""id"": ""eb001f73-b361-32f0-9b55-0aaa09688247"", ""position"": 1, ""format"": ""CD"", ""track"": [{""id"": ""5a131be6-2699-4655-8be0-71c87478771a"", ""number"": ""16"", ""title"": ""Wicked Game"", ""length"": 286666}], ""track-count"": 18, ""track-offset"": 15}]}, {""id"": ""fed19f71-4866-4bea-b743-e00bfeeeca65"", ""status-id"": ""4e304316-386d-3409-af2e-78857eec5cfe"", ""artist-credit-id"": ""949a7fd5-fe73-3e8f-922e-01ff4ca958f7"", ""count"": 2, ""title"": ""The All Time Greatest Movie Songs 2"", ""status"": ""Official"", ""artist-credit"": [{""name"": ""Various Artists"", ""artist"": {""id"": ""89ad4ac3-39f7-470e-963a-56509c546377"", ""name"": ""Various Artists"", ""sort-name"": ""Various Artists"", ""disambiguation"": ""add compilations to this artist""}}], ""release-group"": {""id"": ""1bb29250-0a91-3ce9-ae93-fa75887de117"", ""type-id"": ""dd2a21e1-0c00-3729-a7a0-de60b84eb5d1"", ""primary-type-id"": ""f529b476-6e62-324f-b0aa-1f3e33d313fc"", ""title"": ""The All Time Greatest Movie Songs, Volume 2"", ""primary-type"": ""Album"", ""secondary-types"": [""Compilation""], ""secondary-type-ids"": [""dd2a21e1-0c00-3729-a7a0-de60b84eb5d1""]}, ""date"": ""2000"", ""country"": ""PL"", ""release-events"": [{""date"": ""2000"", ""area"": {""id"": ""dd7f80c8-f017-3d01-8608-2a8c9c32b954"", ""name"": ""Poland"", ""sort-name"": ""Poland"", ""iso-3166-1-codes"": [""PL""]}}], ""track-count"": 38, ""media"": [{""id"": ""323d0d03-7256-3836-91e2-7fc598375903"", ""position"": 2, ""format"": ""CD"", ""track"": [{""id"": ""52605f18-921d-4c2b-9c4b-1e11dbff3cc8"", ""number"": ""8"", ""title"": ""Wicked Game"", ""length"": 288000}], ""track-count"": 20, ""track-offset"": 7}]}, {""id"": ""e0f75fb7-f753-4a4a-a8bb-26a7838a821f"", ""status-id"": ""4e304316-386d-3409-af2e-78857eec5cfe"", ""artist-credit-id"": ""566efeaa-79d3-3900-981c-9a2cf5735d64"", ""count"": 1, ""title"": ""Best of Chris Isaak"", ""status"": ""Official"", ""artist-credit"": [{""name"": ""Chris Isaak"", ""artist"": {""id"": ""479497d4-e7c2-4e78-972e-56e78fac3995"", ""name"": ""Chris Isaak"", ""sort-name"": ""Isaak, Chris""}}], ""release-group"": {""id"": ""bee6999b-b9ce-373d-b91e-fc8e3917cb06"", ""type-id"": ""dd2a21e1-0c00-3729-a7a0-de60b84eb5d1"", ""primary-type-id"": ""f529b476-6e62-324f-b0aa-1f3e33d313fc"", ""title"": ""Best of Chris Isaak"", ""primary-type"": ""Album"", ""secondary-types"": [""Compilation""], ""secondary-type-ids"": [""dd2a21e1-0c00-3729-a7a0-de60b84eb5d1""]}, ""date"": ""2006"", ""country"": ""AU"", ""release-events"": [{""date"": ""2006"", ""area"": {""id"": ""106e0bec-b638-3b37-b731-f53d507dc00e"", ""name"": ""Australia"", ""sort-name"": ""Australia"", ""iso-3166-1-codes"": [""AU""]}}], ""track-count"": 18, ""media"": [{""id"": ""4a58dcd9-756a-3618-9d27-c5c7a2a5032b"", ""position"": 1, ""format"": ""CD"", ""track"": [{""id"": ""39011d58-1534-430a-a993-ce32aec7bc0c"", ""number"": ""3"", ""title"": ""Wicked Game"", ""length"": 286880}], ""track-count"": 18, ""track-offset"": 2}]}, {""id"": ""12f75f0c-2814-46e0-a910-fdc0c8b167d9"", ""status-id"": ""4e304316-386d-3409-af2e-78857eec5cfe"", ""artist-credit-id"": ""949a7fd5-fe73-3e8f-922e-01ff4ca958f7"", ""count"": 2, ""title"": ""Take My Breath Away: Ultimate Movie Hits"", ""status"": ""Official"", ""artist-credit"": [{""name"": ""Various Artists"", ""artist"": {""id"": ""89ad4ac3-39f7-470e-963a-56509c546377"", ""name"": ""Various Artists"", ""sort-name"": ""Various Artists"", ""disambiguation"": ""add compilations to this artist""}}], ""release-group"": {""id"": ""25dac095-a1da-32d8-af5a-b839b2cac770"", ""type-id"": ""dd2a21e1-0c00-3729-a7a0-de60b84eb5d1"", ""primary-type-id"": ""f529b476-6e62-324f-b0aa-1f3e33d313fc"", ""title"": ""Take My Breath Away: Ultimate Movie Hits"", ""primary-type"": ""Album"", ""secondary-types"": [""Compilation""], ""secondary-type-ids"": [""dd2a21e1-0c00-3729-a7a0-de60b84eb5d1""]}, ""date"": ""2008-06-16"", ""country"": ""GB"", ""release-events"": [{""date"": ""2008-06-16"", ""area"": {""id"": ""8a754a16-0027-3a29-b6d7-2b40ea0481ed"", ""name"": ""United Kingdom"", ""sort-name"": ""United Kingdom"", ""iso-3166-1-codes"": [""GB""]}}], ""track-count"": 40, ""media"": [{""id"": ""51f8f94d-76cf-3333-994c-aa020ae0891e"", ""position"": 2, ""format"": ""CD"", ""track"": [{""id"": ""b57e880d-7084-41c4-9dc5-81ba0e279861"", ""number"": ""3"", ""title"": ""Wicked Game"", ""length"": 288666}], ""track-count"": 20, ""track-offset"": 2}]}, {""id"": ""43c8aae7-6e2c-4ec1-8dc2-0528430d2ec9"", ""status-id"": ""4e304316-386d-3409-af2e-78857eec5cfe"", ""artist-credit-id"": ""566efeaa-79d3-3900-981c-9a2cf5735d64"", ""count"": 1, ""title"": ""Wicked Game"", ""status"": ""Official"", ""artist-credit"": [{""name"": ""Chris Isaak"", ""artist"": {""id"": ""479497d4-e7c2-4e78-972e-56e78fac3995"", ""name"": ""Chris Isaak"", ""sort-name"": ""Isaak, Chris""}}], ""release-group"": {""id"": ""5d6a9542-6c8c-3e61-9646-9b2798fbe655"", ""type-id"": ""dd2a21e1-0c00-3729-a7a0-de60b84eb5d1"", ""primary-type-id"": ""f529b476-6e62-324f-b0aa-1f3e33d313fc"", ""title"": ""Wicked Game"", ""primary-type"": ""Album"", ""secondary-types"": [""Compilation""], ""secondary-type-ids"": [""dd2a21e1-0c00-3729-a7a0-de60b84eb5d1""]}, ""date"": ""1991-06-25"", ""country"": ""JP"", ""release-events"": [{""date"": ""1991-06-25"", ""area"": {""id"": ""2db42837-c832-3c27-b4a3-08198f75693c"", ""name"": ""Japan"", ""sort-name"": ""Japan"", ""iso-3166-1-codes"": [""JP""]}}], ""track-count"": 12, ""media"": [{""id"": ""5d1fa546-b9dc-3f6f-ad40-cc863bcf6755"", ""position"": 1, ""format"": ""CD"", ""track"": [{""id"": ""6d92f79c-bc11-49c4-8087-6db95bfbef71"", ""number"": ""1"", ""title"": ""Wicked Game"", ""length"": 290866}], ""track-count"": 12, ""track-offset"": 0}]}, {""id"": ""6520b8d1-0a30-44f3-9855-bc51a451b703"", ""status-id"": ""4e304316-386d-3409-af2e-78857eec5cfe"", ""artist-credit-id"": ""949a7fd5-fe73-3e8f-922e-01ff4ca958f7"", ""count"": 1, ""title"": ""Revolutions in Sound: Warner Bros. Records - The First Fifty Years"", ""status"": ""Official"", ""artist-credit"": [{""name"": ""Various Artists"", ""artist"": {""id"": ""89ad4ac3-39f7-470e-963a-56509c546377"", ""name"": ""Various Artists"", ""sort-name"": ""Various Artists"", ""disambiguation"": ""add compilations to this artist""}}], ""release-group"": {""id"": ""c2962081-aa8d-4260-a1fe-476b71c6470a"", ""type-id"": ""dd2a21e1-0c00-3729-a7a0-de60b84eb5d1"", ""primary-type-id"": ""f529b476-6e62-324f-b0aa-1f3e33d313fc"", ""title"": ""Revolutions in Sound: Warner Bros. Records: The First Fifty Years"", ""primary-type"": ""Album"", ""secondary-types"": [""Compilation""], ""secondary-type-ids"": [""dd2a21e1-0c00-3729-a7a0-de60b84eb5d1""]}, ""date"": ""2008-12-09"", ""country"": ""US"", ""release-events"": [{""date"": ""2008-12-09"", ""area"": {""id"": ""489ce91b-6658-3307-9877-795b68554c98"", ""name"": ""United States"", ""sort-name"": ""United States"", ""iso-3166-1-codes"": [""US""]}}], ""track-count"": 320, ""media"": [{""id"": ""864da652-ebd9-323a-aa2e-2009ef4461b8"", ""position"": 1, ""format"": ""USB Flash Drive"", ""track"": [{""id"": ""324f6c54-2610-4e9e-8590-06f65c63ee64"", ""number"": ""236"", ""title"": ""Wicked Game"", ""length"": 287000}], ""track-count"": 320, ""track-offset"": 235}]}, {""id"": ""06fe03f3-073e-48cc-8c87-2f70dc2dac7f"", ""status-id"": ""4e304316-386d-3409-af2e-78857eec5cfe"", ""artist-credit-id"": ""566efeaa-79d3-3900-981c-9a2cf5735d64"", ""count"": 1, ""title"": ""Heart Shaped World"", ""status"": ""Official"", ""disambiguation"": ""BMG club edition"", ""artist-credit"": [{""name"": ""Chris Isaak"", ""artist"": {""id"": ""479497d4-e7c2-4e78-972e-56e78fac3995"", ""name"": ""Chris Isaak"", ""sort-name"": ""Isaak, Chris""}}], ""release-group"": {""id"": ""f6f75c7a-f1bb-3b22-ae18-269bf5bd7f47"", ""type-id"": ""f529b476-6e62-324f-b0aa-1f3e33d313fc"", ""primary-type-id"": ""f529b476-6e62-324f-b0aa-1f3e33d313fc"", ""title"": ""Heart Shaped World"", ""primary-type"": ""Album""}, ""date"": ""1989"", ""country"": ""US"", ""release-events"": [{""date"": ""1989"", ""area"": {""id"": ""489ce91b-6658-3307-9877-795b68554c98"", ""name"": ""United States"", ""sort-name"": ""United States"", ""iso-3166-1-codes"": [""US""]}}], ""track-count"": 11, ""media"": [{""id"": ""c5314404-71cd-3719-8320-051fc5db9632"", ""position"": 1, ""format"": ""CD"", ""track"": [{""id"": ""ff0ba63c-01cf-421d-8021-006f468629b7"", ""number"": ""5"", ""title"": ""Wicked Game"", ""length"": 289066}], ""track-count"": 11, ""track-offset"": 4}]}, {""id"": ""b52d3545-76e3-432f-997d-9e2abea5a60d"", ""status-id"": ""4e304316-386d-3409-af2e-78857eec5cfe"", ""artist-credit-id"": ""566efeaa-79d3-3900-981c-9a2cf5735d64"", ""count"": 1, ""title"": ""Best of Chris Isaak"", ""status"": ""Official"", ""artist-credit"": [{""name"": ""Chris Isaak"", ""artist"": {""id"": ""479497d4-e7c2-4e78-972e-56e78fac3995"", ""name"": ""Chris Isaak"", ""sort-name"": ""Isaak, Chris""}}], ""release-group"": {""id"": ""bee6999b-b9ce-373d-b91e-fc8e3917cb06"", ""type-id"": ""dd2a21e1-0c00-3729-a7a0-de60b84eb5d1"", ""primary-type-id"": ""f529b476-6e62-324f-b0aa-1f3e33d313fc"", ""title"": ""Best of Chris Isaak"", ""primary-type"": ""Album"", ""secondary-types"": [""Compilation""], ""secondary-type-ids"": [""dd2a21e1-0c00-3729-a7a0-de60b84eb5d1""]}, ""date"": ""2011-07-12"", ""country"": ""US"", ""release-events"": [{""date"": ""2011-07-12"", ""area"": {""id"": ""489ce91b-6658-3307-9877-795b68554c98"", ""name"": ""United States"", ""sort-name"": ""United States"", ""iso-3166-1-codes"": [""US""]}}], ""track-count"": 18, ""media"": [{""id"": ""4559995c-fbad-3ba5-b669-2ed0e3ea161b"", ""position"": 1, ""format"": ""CD"", ""track"": [{""id"": ""e63f38e0-9fb0-3ccc-ae79-2bff00ca1632"", ""number"": ""3"", ""title"": ""Wicked Game"", ""length"": 286880}], ""track-count"": 18, ""track-offset"": 2}]}, {""id"": ""8cbba052-742b-42ce-a3a5-2280f7dbcddf"", ""status-id"": ""4e304316-386d-3409-af2e-78857eec5cfe"", ""artist-credit-id"": ""949a7fd5-fe73-3e8f-922e-01ff4ca958f7"", ""count"": 2, ""title"": ""Simply the Best Songwriters"", ""status"": ""Official"", ""artist-credit"": [{""name"": ""Various Artists"", ""artist"": {""id"": ""89ad4ac3-39f7-470e-963a-56509c546377"", ""name"": ""Various Artists"", ""sort-name"": ""Various Artists"", ""disambiguation"": ""add compilations to this artist""}}], ""release-group"": {""id"": ""4927f195-49bc-4514-9fb5-ced496c6d2be"", ""type-id"": ""dd2a21e1-0c00-3729-a7a0-de60b84eb5d1"", ""primary-type-id"": ""f529b476-6e62-324f-b0aa-1f3e33d313fc"", ""title"": ""Simply the Best Songwriters"", ""primary-type"": ""Album"", ""secondary-types"": [""Compilation""], ""secondary-type-ids"": [""dd2a21e1-0c00-3729-a7a0-de60b84eb5d1""]}, ""date"": ""2002"", ""country"": ""AU"", ""release-events"": [{""date"": ""2002"", ""area"": {""id"": ""106e0bec-b638-3b37-b731-f53d507dc00e"", ""name"": ""Australia"", ""sort-name"": ""Australia"", ""iso-3166-1-codes"": [""AU""]}}], ""track-count"": 40, ""media"": [{""id"": ""6693c52c-8871-3424-88fc-456bab54222f"", ""position"": 1, ""format"": ""CD"", ""track"": [{""id"": ""c47dd964-501d-4d37-8325-161b59d0ef4a"", ""number"": ""7"", ""title"": ""Wicked Game"", ""length"": 288626}], ""track-count"": 20, ""track-offset"": 6}]}, {""id"": ""2c582f04-e51c-4142-94e0-d39f32a5548f"", ""status-id"": ""4e304316-386d-3409-af2e-78857eec5cfe"", ""artist-credit-id"": ""949a7fd5-fe73-3e8f-922e-01ff4ca958f7"", ""count"": 1, ""title"": ""The Glory of Love 3"", ""status"": ""Official"", ""artist-credit"": [{""name"": ""Various Artists"", ""artist"": {""id"": ""89ad4ac3-39f7-470e-963a-56509c546377"", ""name"": ""Various Artists"", ""sort-name"": ""Various Artists"", ""disambiguation"": ""add compilations to this artist""}}], ""release-group"": {""id"": ""287372b0-4154-428c-99ff-03d8b0056d23"", ""type-id"": ""dd2a21e1-0c00-3729-a7a0-de60b84eb5d1"", ""primary-type-id"": ""f529b476-6e62-324f-b0aa-1f3e33d313fc"", ""title"": ""The Glory of Love 3"", ""primary-type"": ""Album"", ""secondary-types"": [""Compilation""], ""secondary-type-ids"": [""dd2a21e1-0c00-3729-a7a0-de60b84eb5d1""]}, ""date"": ""1991"", ""country"": ""NL"", ""release-events"": [{""date"": ""1991"", ""area"": {""id"": ""ef1b7cc0-cd26-36f4-8ea0-04d9623786c7"", ""name"": ""Netherlands"", ""sort-name"": ""Netherlands"", ""iso-3166-1-codes"": [""NL""]}}], ""track-count"": 17, ""media"": [{""id"": ""02ad132d-d391-344e-aa5c-b88e5a11ef3a"", ""position"": 1, ""format"": ""CD"", ""track"": [{""id"": ""a268e5b5-162a-4838-8fb1-6aeb3adcf0fb"", ""number"": ""3"", ""title"": ""Wicked Game"", ""length"": 291087}], ""track-count"": 17, ""track-offset"": 2}]}, {""id"": ""f35de480-0fe0-41f0-ab72-a23d25954d1e"", ""status-id"": ""4e304316-386d-3409-af2e-78857eec5cfe"", ""artist-credit-id"": ""949a7fd5-fe73-3e8f-922e-01ff4ca958f7"", ""count"": 3, ""title"": ""American Highway"", ""status"": ""Official"", ""artist-credit"": [{""name"": ""Various Artists"", ""artist"": {""id"": ""89ad4ac3-39f7-470e-963a-56509c546377"", ""name"": ""Various Artists"", ""sort-name"": ""Various Artists"", ""disambiguation"": ""add compilations to this artist""}}], ""release-group"": {""id"": ""20c5a972-5663-4723-880a-99ea20e01fc3"", ""type-id"": ""dd2a21e1-0c00-3729-a7a0-de60b84eb5d1"", ""primary-type-id"": ""f529b476-6e62-324f-b0aa-1f3e33d313fc"", ""title"": ""American Highway"", ""primary-type"": ""Album"", ""secondary-types"": [""Compilation""], ""secondary-type-ids"": [""dd2a21e1-0c00-3729-a7a0-de60b84eb5d1""]}, ""date"": ""2014"", ""country"": ""GB"", ""release-events"": [{""date"": ""2014"", ""area"": {""id"": ""8a754a16-0027-3a29-b6d7-2b40ea0481ed"", ""name"": ""United Kingdom"", ""sort-name"": ""United Kingdom"", ""iso-3166-1-codes"": [""GB""]}}], ""track-count"": 64, ""media"": [{""id"": ""2cddc07b-df2f-30d3-a5d1-6ac4e76ac4b9"", ""position"": 2, ""format"": ""CD"", ""track"": [{""id"": ""d0182cfe-192e-4629-a202-7f5e3d4afb3c"", ""number"": ""1"", ""title"": ""Wicked Game"", ""length"": 289000}], ""track-count"": 21, ""track-offset"": 0}]}, {""id"": ""cfe698de-df72-4f00-8fa4-3e103db3e5f0"", ""status-id"": ""4e304316-386d-3409-af2e-78857eec5cfe"", ""artist-credit-id"": ""949a7fd5-fe73-3e8f-922e-01ff4ca958f7"", ""count"": 1, ""title"": ""Slow Motion, Volume 5: Die sch\u00f6nsten Pop-Balladen der Filmgeschichte"", ""status"": ""Official"", ""artist-credit"": [{""name"": ""Various Artists"", ""artist"": {""id"": ""89ad4ac3-39f7-470e-963a-56509c546377"", ""name"": ""Various Artists"", ""sort-name"": ""Various Artists"", ""disambiguation"": ""add compilations to this artist""}}], ""release-group"": {""id"": ""f6465125-47fa-43a7-821b-7d0e35a78aaa"", ""type-id"": ""dd2a21e1-0c00-3729-a7a0-de60b84eb5d1"", ""primary-type-id"": ""f529b476-6e62-324f-b0aa-1f3e33d313fc"", ""title"": ""Slow Motion, Volume 5: Die sch\u00f6nsten Pop-Balladen der Filmgeschichte"", ""primary-type"": ""Album"", ""secondary-types"": [""Compilation""], ""secondary-type-ids"": [""dd2a21e1-0c00-3729-a7a0-de60b84eb5d1""]}, ""date"": ""1995-11-06"", ""country"": ""DE"", ""release-events"": [{""date"": ""1995-11-06"", ""area"": {""id"": ""85752fda-13c4-31a3-bee5-0e5cb1f51dad"", ""name"": ""Germany"", ""sort-name"": ""Germany"", ""iso-3166-1-codes"": [""DE""]}}], ""track-count"": 18, ""media"": [{""id"": ""2da106ae-0e1d-3d7a-8792-85e26da8dbfc"", ""position"": 1, ""format"": ""CD"", ""track"": [{""id"": ""70bf423d-ead7-3e2c-b1d6-18bda242d8cc"", ""number"": ""14"", ""title"": ""Wicked Game"", ""length"": 288733}], ""track-count"": 18, ""track-offset"": 13}]}, {""id"": ""edcbfa0e-f23c-4f35-9b15-42c3df286e7d"", ""status-id"": ""4e304316-386d-3409-af2e-78857eec5cfe"", ""artist-credit-id"": ""949a7fd5-fe73-3e8f-922e-01ff4ca958f7"", ""count"": 1, ""title"": ""Lady in Red: A Collection of Great Ballads"", ""status"": ""Official"", ""artist-credit"": [{""name"": ""Various Artists"", ""artist"": {""id"": ""89ad4ac3-39f7-470e-963a-56509c546377"", ""name"": ""Various Artists"", ""sort-name"": ""Various Artists"", ""disambiguation"": ""add compilations to this artist""}}], ""release-group"": {""id"": ""cd6731af-4893-4f39-910b-1436491fa25d"", ""type-id"": ""dd2a21e1-0c00-3729-a7a0-de60b84eb5d1"", ""primary-type-id"": ""f529b476-6e62-324f-b0aa-1f3e33d313fc"", ""title"": ""Lady in Red: A Collection of Great Ballads"", ""primary-type"": ""Album"", ""secondary-types"": [""Compilation""], ""secondary-type-ids"": [""dd2a21e1-0c00-3729-a7a0-de60b84eb5d1""]}, ""date"": ""1995"", ""country"": ""US"", ""release-events"": [{""date"": ""1995"", ""area"": {""id"": ""489ce91b-6658-3307-9877-795b68554c98"", ""name"": ""United States"", ""sort-name"": ""United States"", ""iso-3166-1-codes"": [""US""]}}], ""track-count"": 17, ""media"": [{""id"": ""106429a0-b8de-322a-a512-4d823ee9fffe"", ""position"": 1, ""format"": ""CD"", ""track"": [{""id"": ""39bb5313-d87e-4da5-9997-904641ea17b7"", ""number"": ""15"", ""title"": ""Wicked Game"", ""length"": 289933}], ""track-count"": 17, ""track-offset"": 14}]}, {""id"": ""f9e211e7-471c-45b0-b7a5-42e6ce211bca"", ""status-id"": ""4e304316-386d-3409-af2e-78857eec5cfe"", ""artist-credit-id"": ""949a7fd5-fe73-3e8f-922e-01ff4ca958f7"", ""count"": 2, ""title"": ""Mega Hits 2"", ""status"": ""Official"", ""artist-credit"": [{""name"": ""Various Artists"", ""artist"": {""id"": ""89ad4ac3-39f7-470e-963a-56509c546377"", ""name"": ""Various Artists"", ""sort-name"": ""Various Artists"", ""disambiguation"": ""add compilations to this artist""}}], ""release-group"": {""id"": ""6bc96d08-2b0b-457a-b00c-e6a6a5028b96"", ""type-id"": ""dd2a21e1-0c00-3729-a7a0-de60b84eb5d1"", ""primary-type-id"": ""f529b476-6e62-324f-b0aa-1f3e33d313fc"", ""title"": ""Mega Hits 2"", ""primary-type"": ""Album"", ""secondary-types"": [""Compilation""], ""secondary-type-ids"": [""dd2a21e1-0c00-3729-a7a0-de60b84eb5d1""]}, ""date"": ""1992"", ""country"": ""DE"", ""release-events"": [{""date"": ""1992"", ""area"": {""id"": ""85752fda-13c4-31a3-bee5-0e5cb1f51dad"", ""name"": ""Germany"", ""sort-name"": ""Germany"", ""iso-3166-1-codes"": [""DE""]}}], ""track-count"": 28, ""media"": [{""id"": ""fe9e6b50-19b8-3fec-80a0-aa07e0e00dbc"", ""position"": 1, ""format"": ""CD"", ""track"": [{""id"": ""4ed3ec51-8b26-3642-b2bb-c64d788bc5e2"", ""number"": ""14"", ""title"": ""Wicked Game"", ""length"": 286333}], ""track-count"": 14, ""track-offset"": 13}]}, {""id"": ""785cd05a-5977-41d4-8c98-8a4be5f2a71a"", ""status-id"": ""4e304316-386d-3409-af2e-78857eec5cfe"", ""artist-credit-id"": ""566efeaa-79d3-3900-981c-9a2cf5735d64"", ""count"": 1, ""title"": ""Best of Chris Isaak"", ""status"": ""Official"", ""artist-credit"": [{""name"": ""Chris Isaak"", ""artist"": {""id"": ""479497d4-e7c2-4e78-972e-56e78fac3995"", ""name"": ""Chris Isaak"", ""sort-name"": ""Isaak, Chris""}}], ""release-group"": {""id"": ""bee6999b-b9ce-373d-b91e-fc8e3917cb06"", ""type-id"": ""dd2a21e1-0c00-3729-a7a0-de60b84eb5d1"", ""primary-type-id"": ""f529b476-6e62-324f-b0aa-1f3e33d313fc"", ""title"": ""Best of Chris Isaak"", ""primary-type"": ""Album"", ""secondary-types"": [""Compilation""], ""secondary-type-ids"": [""dd2a21e1-0c00-3729-a7a0-de60b84eb5d1""]}, ""date"": ""2006"", ""country"": ""US"", ""release-events"": [{""date"": ""2006"", ""area"": {""id"": ""489ce91b-6658-3307-9877-795b68554c98"", ""name"": ""United States"", ""sort-name"": ""United States"", ""iso-3166-1-codes"": [""US""]}}], ""track-count"": 18, ""media"": [{""id"": ""2b7cc310-ba67-317c-86fd-94cd9e10bc02"", ""position"": 1, ""format"": ""HDCD"", ""track"": [{""id"": ""b995c653-01c6-4daa-89e0-3cc54eca1ece"", ""number"": ""3"", ""title"": ""Wicked Game"", ""length"": 286880}], ""track-count"": 18, ""track-offset"": 2}]}, {""id"": ""26e1f165-d7e0-42db-95f0-6f532614e619"", ""status-id"": ""4e304316-386d-3409-af2e-78857eec5cfe"", ""artist-credit-id"": ""949a7fd5-fe73-3e8f-922e-01ff4ca958f7"", ""count"": 2, ""title"": ""Kuschelrock 5"", ""status"": ""Official"", ""artist-credit"": [{""name"": ""Various Artists"", ""artist"": {""id"": ""89ad4ac3-39f7-470e-963a-56509c546377"", ""name"": ""Various Artists"", ""sort-name"": ""Various Artists"", ""disambiguation"": ""add compilations to this artist""}}], ""release-group"": {""id"": ""d74b89a0-2287-3d34-838c-c74b749cca2b"", ""type-id"": ""dd2a21e1-0c00-3729-a7a0-de60b84eb5d1"", ""primary-type-id"": ""f529b476-6e62-324f-b0aa-1f3e33d313fc"", ""title"": ""Kuschelrock 5"", ""primary-type"": ""Album"", ""secondary-types"": [""Compilation""], ""secondary-type-ids"": [""dd2a21e1-0c00-3729-a7a0-de60b84eb5d1""]}, ""date"": ""1995"", ""country"": ""DE"", ""release-events"": [{""date"": ""1995"", ""area"": {""id"": ""85752fda-13c4-31a3-bee5-0e5cb1f51dad"", ""name"": ""Germany"", ""sort-name"": ""Germany"", ""iso-3166-1-codes"": [""DE""]}}], ""track-count"": 36, ""media"": [{""id"": ""4d21456c-daa1-3680-a16c-9c9c37c4dfe2"", ""position"": 1, ""format"": ""CD"", ""track"": [{""id"": ""2981ed6b-db69-40fb-b00a-561205a1a19b"", ""number"": ""16"", ""title"": ""Wicked Game"", ""length"": 286666}], ""track-count"": 18, ""track-offset"": 15}]}, {""id"": ""9ba0d2a3-90b1-47ba-afcb-8b9c282babe9"", ""status-id"": ""4e304316-386d-3409-af2e-78857eec5cfe"", ""artist-credit-id"": ""949a7fd5-fe73-3e8f-922e-01ff4ca958f7"", ""count"": 2, ""title"": ""Kuschelrock 5"", ""status"": ""Official"", ""artist-credit"": [{""name"": ""Various Artists"", ""artist"": {""id"": ""89ad4ac3-39f7-470e-963a-56509c546377"", ""name"": ""Various Artists"", ""sort-name"": ""Various Artists"", ""disambiguation"": ""add compilations to this artist""}}], ""release-group"": {""id"": ""d74b89a0-2287-3d34-838c-c74b749cca2b"", ""type-id"": ""dd2a21e1-0c00-3729-a7a0-de60b84eb5d1"", ""primary-type-id"": ""f529b476-6e62-324f-b0aa-1f3e33d313fc"", ""title"": ""Kuschelrock 5"", ""primary-type"": ""Album"", ""secondary-types"": [""Compilation""], ""secondary-type-ids"": [""dd2a21e1-0c00-3729-a7a0-de60b84eb5d1""]}, ""date"": ""1991"", ""country"": ""DE"", ""release-events"": [{""date"": ""1991"", ""area"": {""id"": ""85752fda-13c4-31a3-bee5-0e5cb1f51dad"", ""name"": ""Germany"", ""sort-name"": ""Germany"", ""iso-3166-1-codes"": [""DE""]}}], ""track-count"": 36, ""media"": [{""id"": ""f275845c-1d50-3411-8d10-2c43abd8d302"", ""position"": 1, ""format"": ""CD"", ""track"": [{""id"": ""625050e9-3d1f-3d5d-8964-678467669244"", ""number"": ""16"", ""title"": ""Wicked Game"", ""length"": 286666}], ""track-count"": 18, ""track-offset"": 15}]}, {""id"": ""eea58942-80ee-4d23-8df8-7a935accc43c"", ""status-id"": ""4e304316-386d-3409-af2e-78857eec5cfe"", ""artist-credit-id"": ""949a7fd5-fe73-3e8f-922e-01ff4ca958f7"", ""count"": 2, ""title"": ""KuschelRock 5"", ""status"": ""Official"", ""disambiguation"": ""Gold-Edition"", ""artist-credit"": [{""name"": ""Various Artists"", ""artist"": {""id"": ""89ad4ac3-39f7-470e-963a-56509c546377"", ""name"": ""Various Artists"", ""sort-name"": ""Various Artists"", ""disambiguation"": ""add compilations to this artist""}}], ""release-group"": {""id"": ""d74b89a0-2287-3d34-838c-c74b749cca2b"", ""type-id"": ""dd2a21e1-0c00-3729-a7a0-de60b84eb5d1"", ""primary-type-id"": ""f529b476-6e62-324f-b0aa-1f3e33d313fc"", ""title"": ""Kuschelrock 5"", ""primary-type"": ""Album"", ""secondary-types"": [""Compilation""], ""secondary-type-ids"": [""dd2a21e1-0c00-3729-a7a0-de60b84eb5d1""]}, ""date"": ""1994"", ""country"": ""DE"", ""release-events"": [{""date"": ""1994"", ""area"": {""id"": ""85752fda-13c4-31a3-bee5-0e5cb1f51dad"", ""name"": ""Germany"", ""sort-name"": ""Germany"", ""iso-3166-1-codes"": [""DE""]}}], ""track-count"": 36, ""media"": [{""id"": ""9dc7c9ae-420a-3f52-8d6d-e078f9f5d450"", ""position"": 1, ""format"": ""CD"", ""track"": [{""id"": ""41706834-7197-4d3b-97cf-957a44e6e458"", ""number"": ""16"", ""title"": ""Wicked Game"", ""length"": 286666}], ""track-count"": 18, ""track-offset"": 15}]}, {""id"": ""3a099fee-61ad-442c-bebd-7e86bfa20bff"", ""status-id"": ""4e304316-386d-3409-af2e-78857eec5cfe"", ""artist-credit-id"": ""566efeaa-79d3-3900-981c-9a2cf5735d64"", ""count"": 2, ""title"": ""Best of Chris Isaak"", ""status"": ""Official"", ""disambiguation"": ""Special Edition"", ""artist-credit"": [{""name"": ""Chris Isaak"", ""artist"": {""id"": ""479497d4-e7c2-4e78-972e-56e78fac3995"", ""name"": ""Chris Isaak"", ""sort-name"": ""Isaak, Chris""}}], ""release-group"": {""id"": ""bee6999b-b9ce-373d-b91e-fc8e3917cb06"", ""type-id"": ""dd2a21e1-0c00-3729-a7a0-de60b84eb5d1"", ""primary-type-id"": ""f529b476-6e62-324f-b0aa-1f3e33d313fc"", ""title"": ""Best of Chris Isaak"", ""primary-type"": ""Album"", ""secondary-types"": [""Compilation""], ""secondary-type-ids"": [""dd2a21e1-0c00-3729-a7a0-de60b84eb5d1""]}, ""date"": ""2006-09-15"", ""country"": ""US"", ""release-events"": [{""date"": ""2006-09-15"", ""area"": {""id"": ""489ce91b-6658-3307-9877-795b68554c98"", ""name"": ""United States"", ""sort-name"": ""United States"", ""iso-3166-1-codes"": [""US""]}}], ""track-count"": 36, ""media"": [{""id"": ""649fed30-79e2-3b82-83af-1323c600ca30"", ""position"": 1, ""format"": ""CD"", ""track"": [{""id"": ""398e69de-4ac0-47d1-9180-5540758b2340"", ""number"": ""3"", ""title"": ""Wicked Game"", ""length"": 286880}], ""track-count"": 18, ""track-offset"": 2}]}, {""id"": ""7c032fc5-7165-473a-8830-7fb04c29ce0b"", ""status-id"": ""4e304316-386d-3409-af2e-78857eec5cfe"", ""artist-credit-id"": ""566efeaa-79d3-3900-981c-9a2cf5735d64"", ""count"": 1, ""title"": ""Heart Shaped World"", ""status"": ""Official"", ""artist-credit"": [{""name"": ""Chris Isaak"", ""artist"": {""id"": ""479497d4-e7c2-4e78-972e-56e78fac3995"", ""name"": ""Chris Isaak"", ""sort-name"": ""Isaak, Chris""}}], ""release-group"": {""id"": ""f6f75c7a-f1bb-3b22-ae18-269bf5bd7f47"", ""type-id"": ""f529b476-6e62-324f-b0aa-1f3e33d313fc"", ""primary-type-id"": ""f529b476-6e62-324f-b0aa-1f3e33d313fc"", ""title"": ""Heart Shaped World"", ""primary-type"": ""Album""}, ""date"": ""1989"", ""country"": ""XE"", ""release-events"": [{""date"": ""1989"", ""area"": {""id"": ""89a675c2-3e37-3518-b83c-418bad59a85a"", ""name"": ""Europe"", ""sort-name"": ""Europe"", ""iso-3166-1-codes"": [""XE""]}}], ""track-count"": 11, ""media"": [{""id"": ""a6dbe85b-1308-3330-954f-b950966a3e05"", ""position"": 1, ""format"": ""CD"", ""track"": [{""id"": ""fe55c3f4-d618-4add-89f2-6a2b1a6f42ad"", ""number"": ""5"", ""title"": ""Wicked Game"", ""length"": 289066}], ""track-count"": 11, ""track-offset"": 4}]}, {""id"": ""a1af5da8-4472-4212-bf29-34b46d7a0d48"", ""status-id"": ""4e304316-386d-3409-af2e-78857eec5cfe"", ""artist-credit-id"": ""566efeaa-79d3-3900-981c-9a2cf5735d64"", ""count"": 1, ""title"": ""Wicked Game"", ""status"": ""Official"", ""artist-credit"": [{""name"": ""Chris Isaak"", ""artist"": {""id"": ""479497d4-e7c2-4e78-972e-56e78fac3995"", ""name"": ""Chris Isaak"", ""sort-name"": ""Isaak, Chris""}}], ""release-group"": {""id"": ""5d6a9542-6c8c-3e61-9646-9b2798fbe655"", ""type-id"": ""dd2a21e1-0c00-3729-a7a0-de60b84eb5d1"", ""primary-type-id"": ""f529b476-6e62-324f-b0aa-1f3e33d313fc"", ""title"": ""Wicked Game"", ""primary-type"": ""Album"", ""secondary-types"": [""Compilation""], ""secondary-type-ids"": [""dd2a21e1-0c00-3729-a7a0-de60b84eb5d1""]}, ""date"": ""1991"", ""country"": ""ZA"", ""release-events"": [{""date"": ""1991"", ""area"": {""id"": ""50cc7852-862e-30ae-aa82-385fe7135b7f"", ""name"": ""South Africa"", ""sort-name"": ""South Africa"", ""iso-3166-1-codes"": [""ZA""]}}], ""track-count"": 12, ""media"": [{""id"": ""5bb7c2f6-051f-39cc-99e5-ad03a475f9cd"", ""position"": 1, ""format"": ""CD"", ""track"": [{""id"": ""025eabdc-2a1d-4eaa-aabb-cfb5bf04fbcb"", ""number"": ""1"", ""title"": ""Wicked Game"", ""length"": 290866}], ""track-count"": 12, ""track-offset"": 0}]}, {""id"": ""50b7d412-ae0b-4c3c-94ff-c9eb57109008"", ""status-id"": ""4e304316-386d-3409-af2e-78857eec5cfe"", ""artist-credit-id"": ""949a7fd5-fe73-3e8f-922e-01ff4ca958f7"", ""count"": 1, ""title"": ""Cosmopolitan, Volume 2"", ""status"": ""Official"", ""artist-credit"": [{""name"": ""Various Artists"", ""artist"": {""id"": ""89ad4ac3-39f7-470e-963a-56509c546377"", ""name"": ""Various Artists"", ""sort-name"": ""Various Artists"", ""disambiguation"": ""add compilations to this artist""}}], ""release-group"": {""id"": ""c48d0b66-b0e5-47e4-a6cc-ed6e5007f6b6"", ""type-id"": ""dd2a21e1-0c00-3729-a7a0-de60b84eb5d1"", ""primary-type-id"": ""f529b476-6e62-324f-b0aa-1f3e33d313fc"", ""title"": ""Cosmopolitan, Volume 2"", ""primary-type"": ""Album"", ""secondary-types"": [""Compilation""], ""secondary-type-ids"": [""dd2a21e1-0c00-3729-a7a0-de60b84eb5d1""]}, ""date"": ""1992"", ""country"": ""US"", ""release-events"": [{""date"": ""1992"", ""area"": {""id"": ""489ce91b-6658-3307-9877-795b68554c98"", ""name"": ""United States"", ""sort-name"": ""United States"", ""iso-3166-1-codes"": [""US""]}}], ""track-count"": 10, ""media"": [{""id"": ""be9a14a8-8767-37e9-b00c-8a68ab5f14cf"", ""position"": 1, ""format"": ""CD"", ""track"": [{""id"": ""9cfb34cf-365d-4f2d-bbaf-4726c95dc1c2"", ""number"": ""1"", ""title"": ""Wicked Game"", ""length"": 290466}], ""track-count"": 10, ""track-offset"": 0}]}, {""id"": ""a19a53b9-e84c-49c9-8134-9e67df5b44ef"", ""status-id"": ""4e304316-386d-3409-af2e-78857eec5cfe"", ""artist-credit-id"": ""949a7fd5-fe73-3e8f-922e-01ff4ca958f7"", ""count"": 1, ""title"": ""Slow Time"", ""status"": ""Official"", ""artist-credit"": [{""name"": ""Various Artists"", ""artist"": {""id"": ""89ad4ac3-39f7-470e-963a-56509c546377"", ""name"": ""Various Artists"", ""sort-name"": ""Various Artists"", ""disambiguation"": ""add compilations to this artist""}}], ""release-group"": {""id"": ""e86c4763-7d96-45bb-b3fe-5a887d4b8487"", ""type-id"": ""dd2a21e1-0c00-3729-a7a0-de60b84eb5d1"", ""primary-type-id"": ""f529b476-6e62-324f-b0aa-1f3e33d313fc"", ""title"": ""Slow time"", ""primary-type"": ""Album"", ""secondary-types"": [""Compilation""], ""secondary-type-ids"": [""dd2a21e1-0c00-3729-a7a0-de60b84eb5d1""]}, ""date"": ""1994"", ""country"": ""FR"", ""release-events"": [{""date"": ""1994"", ""area"": {""id"": ""08310658-51eb-3801-80de-5a0739207115"", ""name"": ""France"", ""sort-name"": ""France"", ""iso-3166-1-codes"": [""FR""]}}], ""track-count"": 18, ""media"": [{""id"": ""1e94edff-6440-3f15-bbe0-34e834fe1a6f"", ""position"": 1, ""format"": ""CD"", ""track"": [{""id"": ""f3814424-673f-329c-a980-9521af8f5bd3"", ""number"": ""11"", ""title"": ""Wicked Game"", ""length"": 287066}], ""track-count"": 18, ""track-offset"": 10}]}, {""id"": ""4be1e068-3152-3ce6-87ec-93c88429de43"", ""status-id"": ""4e304316-386d-3409-af2e-78857eec5cfe"", ""artist-credit-id"": ""566efeaa-79d3-3900-981c-9a2cf5735d64"", ""count"": 1, ""title"": ""Wicked Game"", ""status"": ""Official"", ""artist-credit"": [{""name"": ""Chris Isaak"", ""artist"": {""id"": ""479497d4-e7c2-4e78-972e-56e78fac3995"", ""name"": ""Chris Isaak"", ""sort-name"": ""Isaak, Chris""}}], ""release-group"": {""id"": ""5d6a9542-6c8c-3e61-9646-9b2798fbe655"", ""type-id"": ""dd2a21e1-0c00-3729-a7a0-de60b84eb5d1"", ""primary-type-id"": ""f529b476-6e62-324f-b0aa-1f3e33d313fc"", ""title"": ""Wicked Game"", ""primary-type"": ""Album"", ""secondary-types"": [""Compilation""], ""secondary-type-ids"": [""dd2a21e1-0c00-3729-a7a0-de60b84eb5d1""]}, ""date"": ""1991"", ""country"": ""US"", ""release-events"": [{""date"": ""1991"", ""area"": {""id"": ""489ce91b-6658-3307-9877-795b68554c98"", ""name"": ""United States"", ""sort-name"": ""United States"", ""iso-3166-1-codes"": [""US""]}}], ""track-count"": 12, ""media"": [{""id"": ""49209aaf-dc9d-3204-a26c-eaedfce9dbc1"", ""position"": 1, ""format"": ""CD"", ""track"": [{""id"": ""ca174b0b-7db3-32a1-93e7-2692e14ac60f"", ""number"": ""1"", ""title"": ""Wicked Game"", ""length"": 289426}], ""track-count"": 12, ""track-offset"": 0}]}, {""id"": ""99d51835-8aa5-3af2-9a40-8df7d9039fbe"", ""status-id"": ""4e304316-386d-3409-af2e-78857eec5cfe"", ""artist-credit-id"": ""566efeaa-79d3-3900-981c-9a2cf5735d64"", ""count"": 1, ""title"": ""Wicked Game"", ""status"": ""Official"", ""artist-credit"": [{""name"": ""Chris Isaak"", ""artist"": {""id"": ""479497d4-e7c2-4e78-972e-56e78fac3995"", ""name"": ""Chris Isaak"", ""sort-name"": ""Isaak, Chris""}}], ""release-group"": {""id"": ""5d6a9542-6c8c-3e61-9646-9b2798fbe655"", ""type-id"": ""dd2a21e1-0c00-3729-a7a0-de60b84eb5d1"", ""primary-type-id"": ""f529b476-6e62-324f-b0aa-1f3e33d313fc"", ""title"": ""Wicked Game"", ""primary-type"": ""Album"", ""secondary-types"": [""Compilation""], ""secondary-type-ids"": [""dd2a21e1-0c00-3729-a7a0-de60b84eb5d1""]}, ""date"": ""1991-01-14"", ""country"": ""XE"", ""release-events"": [{""date"": ""1991-01-14"", ""area"": {""id"": ""89a675c2-3e37-3518-b83c-418bad59a85a"", ""name"": ""Europe"", ""sort-name"": ""Europe"", ""iso-3166-1-codes"": [""XE""]}}], ""track-count"": 12, ""media"": [{""id"": ""464b3b0f-13be-35f2-8ca9-f623e7821ab6"", ""position"": 1, ""format"": ""CD"", ""track"": [{""id"": ""23f16d7a-9fe5-3063-b5c6-038fcee1a4d9"", ""number"": ""1"", ""title"": ""Wicked Game"", ""length"": 289426}], ""track-count"": 12, ""track-offset"": 0}]}, {""id"": ""5588f211-1385-495d-a05a-a64a53bf2290"", ""status-id"": ""4e304316-386d-3409-af2e-78857eec5cfe"", ""artist-credit-id"": ""566efeaa-79d3-3900-981c-9a2cf5735d64"", ""count"": 1, ""title"": ""Wicked Game"", ""status"": ""Official"", ""artist-credit"": [{""name"": ""Chris Isaak"", ""artist"": {""id"": ""479497d4-e7c2-4e78-972e-56e78fac3995"", ""name"": ""Chris Isaak"", ""sort-name"": ""Isaak, Chris""}}], ""release-group"": {""id"": ""5d6a9542-6c8c-3e61-9646-9b2798fbe655"", ""type-id"": ""dd2a21e1-0c00-3729-a7a0-de60b84eb5d1"", ""primary-type-id"": ""f529b476-6e62-324f-b0aa-1f3e33d313fc"", ""title"": ""Wicked Game"", ""primary-type"": ""Album"", ""secondary-types"": [""Compilation""], ""secondary-type-ids"": [""dd2a21e1-0c00-3729-a7a0-de60b84eb5d1""]}, ""date"": ""1991-02-25"", ""country"": ""AU"", ""release-events"": [{""date"": ""1991-02-25"", ""area"": {""id"": ""106e0bec-b638-3b37-b731-f53d507dc00e"", ""name"": ""Australia"", ""sort-name"": ""Australia"", ""iso-3166-1-codes"": [""AU""]}}], ""track-count"": 12, ""media"": [{""id"": ""c0499c0e-c8c3-346f-817b-06b59b292e1d"", ""position"": 1, ""format"": ""CD"", ""track"": [{""id"": ""cf245711-e9c1-3618-b3ef-e65233dfb701"", ""number"": ""1"", ""title"": ""Wicked Game"", ""length"": 289426}], ""track-count"": 12, ""track-offset"": 0}]}, {""id"": ""d056fee9-ebbf-415b-b82f-d4e5faf7efb0"", ""status-id"": ""4e304316-386d-3409-af2e-78857eec5cfe"", ""artist-credit-id"": ""949a7fd5-fe73-3e8f-922e-01ff4ca958f7"", ""count"": 1, ""title"": ""Rock Alternativo"", ""status"": ""Official"", ""artist-credit"": [{""name"": ""Various Artists"", ""artist"": {""id"": ""89ad4ac3-39f7-470e-963a-56509c546377"", ""name"": ""Various Artists"", ""sort-name"": ""Various Artists"", ""disambiguation"": ""add compilations to this artist""}}], ""release-group"": {""id"": ""f9de06c8-57e4-3f0d-8a46-2bd398a26fc8"", ""type-id"": ""dd2a21e1-0c00-3729-a7a0-de60b84eb5d1"", ""primary-type-id"": ""f529b476-6e62-324f-b0aa-1f3e33d313fc"", ""title"": ""Rock Alternativo"", ""primary-type"": ""Album"", ""secondary-types"": [""Compilation""], ""secondary-type-ids"": [""dd2a21e1-0c00-3729-a7a0-de60b84eb5d1""]}, ""track-count"": 16, ""media"": [{""id"": ""2343825c-9ac2-3edc-9705-dfb0e2d6709e"", ""position"": 1, ""track"": [{""id"": ""7a53a3bc-ea7b-3b3e-b9ec-8bf2449d0b36"", ""number"": ""5"", ""title"": ""Wicked Game"", ""length"": 289680}], ""track-count"": 16, ""track-offset"": 4}]}, {""id"": ""a0b36444-7f07-4be5-990d-3f4852693c8b"", ""status-id"": ""4e304316-386d-3409-af2e-78857eec5cfe"", ""artist-credit-id"": ""949a7fd5-fe73-3e8f-922e-01ff4ca958f7"", ""count"": 1, ""title"": ""Sounds of the Eighties: The Rolling Stone Collection 1988\u20131989"", ""status"": ""Official"", ""artist-credit"": [{""name"": ""Various Artists"", ""artist"": {""id"": ""89ad4ac3-39f7-470e-963a-56509c546377"", ""name"": ""Various Artists"", ""sort-name"": ""Various Artists"", ""disambiguation"": ""add compilations to this artist""}}], ""release-group"": {""id"": ""f553fc54-5459-35b1-b77c-690eb02fb253"", ""type-id"": ""dd2a21e1-0c00-3729-a7a0-de60b84eb5d1"", ""primary-type-id"": ""f529b476-6e62-324f-b0aa-1f3e33d313fc"", ""title"": ""Sounds of the Eighties: The Rolling Stone Collection 1988\u20131989"", ""primary-type"": ""Album"", ""secondary-types"": [""Compilation""], ""secondary-type-ids"": [""dd2a21e1-0c00-3729-a7a0-de60b84eb5d1""]}, ""date"": ""1995"", ""country"": ""US"", ""release-events"": [{""date"": ""1995"", ""area"": {""id"": ""489ce91b-6658-3307-9877-795b68554c98"", ""name"": ""United States"", ""sort-name"": ""United States"", ""iso-3166-1-codes"": [""US""]}}], ""track-count"": 17, ""media"": [{""id"": ""fa7430bf-7405-360f-a078-5efaded486bd"", ""position"": 1, ""format"": ""CD"", ""track"": [{""id"": ""56b2c37e-4348-3390-94a9-be2c5ccbf23e"", ""number"": ""7"", ""title"": ""Wicked Game"", ""length"": 290026}], ""track-count"": 17, ""track-offset"": 6}]}, {""id"": ""c6acf024-b446-4cb4-934b-2eb04d5e8412"", ""status-id"": ""4e304316-386d-3409-af2e-78857eec5cfe"", ""artist-credit-id"": ""566efeaa-79d3-3900-981c-9a2cf5735d64"", ""count"": 1, ""title"": ""Solitary Man"", ""status"": ""Official"", ""artist-credit"": [{""name"": ""Chris Isaak"", ""artist"": {""id"": ""479497d4-e7c2-4e78-972e-56e78fac3995"", ""name"": ""Chris Isaak"", ""sort-name"": ""Isaak, Chris""}}], ""release-group"": {""id"": ""4935e5cc-a8d2-3aa2-85fc-967c3bf5d8ed"", ""type-id"": ""d6038452-8ee0-3f68-affc-2de9a1ede0b9"", ""primary-type-id"": ""d6038452-8ee0-3f68-affc-2de9a1ede0b9"", ""title"": ""Solitary Man"", ""primary-type"": ""Single""}, ""date"": ""1993-06-24"", ""country"": ""US"", ""release-events"": [{""date"": ""1993-06-24"", ""area"": {""id"": ""489ce91b-6658-3307-9877-795b68554c98"", ""name"": ""United States"", ""sort-name"": ""United States"", ""iso-3166-1-codes"": [""US""]}}], ""track-count"": 4, ""media"": [{""id"": ""790296dd-52dc-3ce2-8bcb-720d1a3476a4"", ""position"": 1, ""track"": [{""id"": ""924c3d9d-0805-3c53-abc9-93f0aa8b7601"", ""number"": ""2"", ""title"": ""Wicked Game"", ""length"": 289800}], ""track-count"": 4, ""track-offset"": 1}]}, {""id"": ""d2430ec8-5e05-3513-8fcd-610a72ee65c3"", ""status-id"": ""4e304316-386d-3409-af2e-78857eec5cfe"", ""artist-credit-id"": ""949a7fd5-fe73-3e8f-922e-01ff4ca958f7"", ""count"": 2, ""title"": ""Kuschelrock 5"", ""status"": ""Official"", ""artist-credit"": [{""name"": ""Various Artists"", ""artist"": {""id"": ""89ad4ac3-39f7-470e-963a-56509c546377"", ""name"": ""Various Artists"", ""sort-name"": ""Various Artists"", ""disambiguation"": ""add compilations to this artist""}}], ""release-group"": {""id"": ""d74b89a0-2287-3d34-838c-c74b749cca2b"", ""type-id"": ""dd2a21e1-0c00-3729-a7a0-de60b84eb5d1"", ""primary-type-id"": ""f529b476-6e62-324f-b0aa-1f3e33d313fc"", ""title"": ""Kuschelrock 5"", ""primary-type"": ""Album"", ""secondary-types"": [""Compilation""], ""secondary-type-ids"": [""dd2a21e1-0c00-3729-a7a0-de60b84eb5d1""]}, ""date"": ""1999"", ""country"": ""DE"", ""release-events"": [{""date"": ""1999"", ""area"": {""id"": ""85752fda-13c4-31a3-bee5-0e5cb1f51dad"", ""name"": ""Germany"", ""sort-name"": ""Germany"", ""iso-3166-1-codes"": [""DE""]}}], ""track-count"": 36, ""media"": [{""id"": ""d62fea91-49ae-3843-bdd2-39f09954adb1"", ""position"": 1, ""format"": ""CD"", ""track"": [{""id"": ""c1d8f149-bc41-30c2-9b2f-6ba967cc70ed"", ""number"": ""16"", ""title"": ""Wicked Game"", ""length"": 286666}], ""track-count"": 18, ""track-offset"": 15}]}, {""id"": ""8e148c5d-9a94-48bf-aeb7-403b512d95a0"", ""status-id"": ""4e304316-386d-3409-af2e-78857eec5cfe"", ""artist-credit-id"": ""566efeaa-79d3-3900-981c-9a2cf5735d64"", ""count"": 1, ""title"": ""Blue Hotel"", ""status"": ""Official"", ""artist-credit"": [{""name"": ""Chris Isaak"", ""artist"": {""id"": ""479497d4-e7c2-4e78-972e-56e78fac3995"", ""name"": ""Chris Isaak"", ""sort-name"": ""Isaak, Chris""}}], ""release-group"": {""id"": ""c5cc2b81-1a69-3019-b529-93b83623d5f2"", ""type-id"": ""d6038452-8ee0-3f68-affc-2de9a1ede0b9"", ""primary-type-id"": ""d6038452-8ee0-3f68-affc-2de9a1ede0b9"", ""title"": ""Blue Hotel"", ""primary-type"": ""Single""}, ""date"": ""1991"", ""country"": ""DE"", ""release-events"": [{""date"": ""1991"", ""area"": {""id"": ""85752fda-13c4-31a3-bee5-0e5cb1f51dad"", ""name"": ""Germany"", ""sort-name"": ""Germany"", ""iso-3166-1-codes"": [""DE""]}}], ""track-count"": 3, ""media"": [{""id"": ""531f34bc-bf57-3e47-a2ef-e9f8a911314f"", ""position"": 1, ""track"": [{""id"": ""20dca71a-66ba-3e91-aae2-1080aad48f73"", ""number"": ""2"", ""title"": ""Wicked Game"", ""length"": 288800}], ""track-count"": 3, ""track-offset"": 1}]}, {""id"": ""c296a3da-270b-40f3-a4ca-f2c78b064fc0"", ""status-id"": ""4e304316-386d-3409-af2e-78857eec5cfe"", ""artist-credit-id"": ""566efeaa-79d3-3900-981c-9a2cf5735d64"", ""count"": 1, ""title"": ""The Best Of"", ""status"": ""Official"", ""artist-credit"": [{""name"": ""Chris Isaak"", ""artist"": {""id"": ""479497d4-e7c2-4e78-972e-56e78fac3995"", ""name"": ""Chris Isaak"", ""sort-name"": ""Isaak, Chris""}}], ""release-group"": {""id"": ""8bfac481-c485-3e87-80c6-fb9e9472c393"", ""type-id"": ""dd2a21e1-0c00-3729-a7a0-de60b84eb5d1"", ""primary-type-id"": ""f529b476-6e62-324f-b0aa-1f3e33d313fc"", ""title"": ""The Best Of"", ""primary-type"": ""Album"", ""secondary-types"": [""Compilation""], ""secondary-type-ids"": [""dd2a21e1-0c00-3729-a7a0-de60b84eb5d1""]}, ""track-count"": 21, ""media"": [{""id"": ""e706fcc8-0b28-3f59-b898-288ba186cab9"", ""position"": 1, ""track"": [{""id"": ""f0e7c033-b41b-3bf3-a8cd-a52d710fefa8"", ""number"": ""1"", ""title"": ""Wicked Game"", ""length"": 291426}], ""track-count"": 21, ""track-offset"": 0}]}, {""id"": ""7881b28f-eff7-3d07-8bb6-93f850f888ba"", ""status-id"": ""4e304316-386d-3409-af2e-78857eec5cfe"", ""artist-credit-id"": ""566efeaa-79d3-3900-981c-9a2cf5735d64"", ""count"": 1, ""title"": ""Best of Chris Isaak"", ""status"": ""Official"", ""artist-credit"": [{""name"": ""Chris Isaak"", ""artist"": {""id"": ""479497d4-e7c2-4e78-972e-56e78fac3995"", ""name"": ""Chris Isaak"", ""sort-name"": ""Isaak, Chris""}}], ""release-group"": {""id"": ""bee6999b-b9ce-373d-b91e-fc8e3917cb06"", ""type-id"": ""dd2a21e1-0c00-3729-a7a0-de60b84eb5d1"", ""primary-type-id"": ""f529b476-6e62-324f-b0aa-1f3e33d313fc"", ""title"": ""Best of Chris Isaak"", ""primary-type"": ""Album"", ""secondary-types"": [""Compilation""], ""secondary-type-ids"": [""dd2a21e1-0c00-3729-a7a0-de60b84eb5d1""]}, ""date"": ""2006-09-15"", ""country"": ""XE"", ""release-events"": [{""date"": ""2006-09-15"", ""area"": {""id"": ""89a675c2-3e37-3518-b83c-418bad59a85a"", ""name"": ""Europe"", ""sort-name"": ""Europe"", ""iso-3166-1-codes"": [""XE""]}}], ""track-count"": 18, ""media"": [{""id"": ""f97d9279-1fcc-3eb0-bb5e-e08fedadbb61"", ""position"": 1, ""format"": ""CD"", ""track"": [{""id"": ""33281392-fbcc-3436-a21e-7df03398820d"", ""number"": ""3"", ""title"": ""Wicked Game"", ""length"": 286880}], ""track-count"": 18, ""track-offset"": 2}]}, {""id"": ""2f700ebc-f7c0-45a8-8d2e-d9b90702f56c"", ""status-id"": ""4e304316-386d-3409-af2e-78857eec5cfe"", ""artist-credit-id"": ""949a7fd5-fe73-3e8f-922e-01ff4ca958f7"", ""count"": 1, ""title"": ""32 Mega Masters"", ""status"": ""Official"", ""artist-credit"": [{""name"": ""Various Artists"", ""artist"": {""id"": ""89ad4ac3-39f7-470e-963a-56509c546377"", ""name"": ""Various Artists"", ""sort-name"": ""Various Artists"", ""disambiguation"": ""add compilations to this artist""}}], ""release-group"": {""id"": ""0ad5adbb-27d5-30ba-8832-a2a110e3e219"", ""type-id"": ""dd2a21e1-0c00-3729-a7a0-de60b84eb5d1"", ""primary-type-id"": ""f529b476-6e62-324f-b0aa-1f3e33d313fc"", ""title"": ""32 Mega Masters"", ""primary-type"": ""Album"", ""secondary-types"": [""Compilation""], ""secondary-type-ids"": [""dd2a21e1-0c00-3729-a7a0-de60b84eb5d1""]}, ""track-count"": 16, ""media"": [{""id"": ""74e0e582-ef60-39a6-b6d5-9a45b9eae126"", ""position"": 2, ""track"": [{""id"": ""e0132a2d-edf7-3ea0-9d69-cbcab8be8141"", ""number"": ""14"", ""title"": ""Wicked Game"", ""length"": 289000}], ""track-count"": 16, ""track-offset"": 13}]}, {""id"": ""d77727a1-33d3-4bea-9089-ead0b7b0e6b7"", ""status-id"": ""4e304316-386d-3409-af2e-78857eec5cfe"", ""artist-credit-id"": ""949a7fd5-fe73-3e8f-922e-01ff4ca958f7"", ""count"": 2, ""title"": ""Knuffelrock 3"", ""status"": ""Official"", ""artist-credit"": [{""name"": ""Various Artists"", ""artist"": {""id"": ""89ad4ac3-39f7-470e-963a-56509c546377"", ""name"": ""Various Artists"", ""sort-name"": ""Various Artists"", ""disambiguation"": ""add compilations to this artist""}}], ""release-group"": {""id"": ""1462486b-eea5-3275-b485-03931ed5fb21"", ""type-id"": ""dd2a21e1-0c00-3729-a7a0-de60b84eb5d1"", ""primary-type-id"": ""f529b476-6e62-324f-b0aa-1f3e33d313fc"", ""title"": ""Knuffelrock 3"", ""primary-type"": ""Album"", ""secondary-types"": [""Compilation""], ""secondary-type-ids"": [""dd2a21e1-0c00-3729-a7a0-de60b84eb5d1""]}, ""date"": ""1995"", ""country"": ""BE"", ""release-events"": [{""date"": ""1995"", ""area"": {""id"": ""5b8a5ee5-0bb3-34cf-9a75-c27c44e341fc"", ""name"": ""Belgium"", ""sort-name"": ""Belgium"", ""iso-3166-1-codes"": [""BE""]}}], ""track-count"": 36, ""media"": [{""id"": ""bb0f285f-90a8-3752-8bbb-0b4fc9a7f756"", ""position"": 1, ""format"": ""CD"", ""track"": [{""id"": ""c96ba963-c146-3d58-8cdd-26685f3509d2"", ""number"": ""16"", ""title"": ""Wicked Game"", ""length"": 286666}], ""track-count"": 18, ""track-offset"": 15}]}, {""id"": ""c099c7a5-53db-41f8-91f2-85b54c22bf4c"", ""status-id"": ""4e304316-386d-3409-af2e-78857eec5cfe"", ""artist-credit-id"": ""566efeaa-79d3-3900-981c-9a2cf5735d64"", ""count"": 1, ""title"": ""Heart Shaped World"", ""status"": ""Official"", ""artist-credit"": [{""name"": ""Chris Isaak"", ""artist"": {""id"": ""479497d4-e7c2-4e78-972e-56e78fac3995"", ""name"": ""Chris Isaak"", ""sort-name"": ""Isaak, Chris""}}], ""release-group"": {""id"": ""f6f75c7a-f1bb-3b22-ae18-269bf5bd7f47"", ""type-id"": ""f529b476-6e62-324f-b0aa-1f3e33d313fc"", ""primary-type-id"": ""f529b476-6e62-324f-b0aa-1f3e33d313fc"", ""title"": ""Heart Shaped World"", ""primary-type"": ""Album""}, ""date"": ""1989"", ""country"": ""US"", ""release-events"": [{""date"": ""1989"", ""area"": {""id"": ""489ce91b-6658-3307-9877-795b68554c98"", ""name"": ""United States"", ""sort-name"": ""United States"", ""iso-3166-1-codes"": [""US""]}}], ""track-count"": 10, ""media"": [{""id"": ""828fbc84-8f46-3501-af6b-c1278edcfb88"", ""position"": 1, ""format"": ""12\"" Vinyl"", ""track"": [{""id"": ""02df84fd-cf68-48af-9e20-0b7f8c96e6a1"", ""number"": ""5"", ""title"": ""Wicked Game"", ""length"": 286000}], ""track-count"": 10, ""track-offset"": 4}]}, {""id"": ""f5932b5e-2ca6-4458-a981-0e51b7ea15e8"", ""status-id"": ""4e304316-386d-3409-af2e-78857eec5cfe"", ""artist-credit-id"": ""566efeaa-79d3-3900-981c-9a2cf5735d64"", ""count"": 1, ""title"": ""Heart Shaped World"", ""status"": ""Official"", ""artist-credit"": [{""name"": ""Chris Isaak"", ""artist"": {""id"": ""479497d4-e7c2-4e78-972e-56e78fac3995"", ""name"": ""Chris Isaak"", ""sort-name"": ""Isaak, Chris""}}], ""release-group"": {""id"": ""f6f75c7a-f1bb-3b22-ae18-269bf5bd7f47"", ""type-id"": ""f529b476-6e62-324f-b0aa-1f3e33d313fc"", ""primary-type-id"": ""f529b476-6e62-324f-b0aa-1f3e33d313fc"", ""title"": ""Heart Shaped World"", ""primary-type"": ""Album""}, ""date"": ""1989"", ""country"": ""AU"", ""release-events"": [{""date"": ""1989"", ""area"": {""id"": ""106e0bec-b638-3b37-b731-f53d507dc00e"", ""name"": ""Australia"", ""sort-name"": ""Australia"", ""iso-3166-1-codes"": [""AU""]}}], ""track-count"": 11, ""media"": [{""id"": ""a122419a-f750-39c6-9ca8-7ebc49905f9a"", ""position"": 1, ""format"": ""CD"", ""track"": [{""id"": ""bb4f277c-3042-4cc7-af7a-a2921ce7f7b0"", ""number"": ""5"", ""title"": ""Wicked Game"", ""length"": 289066}], ""track-count"": 11, ""track-offset"": 4}]}, {""id"": ""bb95d85f-83fc-48db-86f4-8f9261cf278a"", ""status-id"": ""4e304316-386d-3409-af2e-78857eec5cfe"", ""artist-credit-id"": ""566efeaa-79d3-3900-981c-9a2cf5735d64"", ""count"": 2, ""title"": ""Forever Blue / Wicked Game"", ""status"": ""Official"", ""artist-credit"": [{""name"": ""Chris Isaak"", ""artist"": {""id"": ""479497d4-e7c2-4e78-972e-56e78fac3995"", ""name"": ""Chris Isaak"", ""sort-name"": ""Isaak, Chris""}}], ""release-group"": {""id"": ""da865c04-e6e0-48f7-b1d4-75535c48388a"", ""type-id"": ""dd2a21e1-0c00-3729-a7a0-de60b84eb5d1"", ""primary-type-id"": ""f529b476-6e62-324f-b0aa-1f3e33d313fc"", ""title"": ""Forever Blue / Wicked Game"", ""primary-type"": ""Album"", ""secondary-types"": [""Compilation""], ""secondary-type-ids"": [""dd2a21e1-0c00-3729-a7a0-de60b84eb5d1""]}, ""date"": ""1996"", ""country"": ""AU"", ""release-events"": [{""date"": ""1996"", ""area"": {""id"": ""106e0bec-b638-3b37-b731-f53d507dc00e"", ""name"": ""Australia"", ""sort-name"": ""Australia"", ""iso-3166-1-codes"": [""AU""]}}], ""track-count"": 25, ""media"": [{""id"": ""53674ef0-a6de-3331-95b3-e85d3e0fb80a"", ""position"": 2, ""format"": ""CD"", ""track"": [{""id"": ""ad0f6bc2-85da-4e5a-9a5f-6901d6742cb7"", ""number"": ""1"", ""title"": ""Wicked Game"", ""length"": 289426}], ""track-count"": 12, ""track-offset"": 0}]}, {""id"": ""dccad924-9ac8-4154-a65b-3acbdf03a6f5"", ""status-id"": ""4e304316-386d-3409-af2e-78857eec5cfe"", ""artist-credit-id"": ""566efeaa-79d3-3900-981c-9a2cf5735d64"", ""count"": 1, ""title"": ""Heart Shaped World"", ""status"": ""Official"", ""artist-credit"": [{""name"": ""Chris Isaak"", ""artist"": {""id"": ""479497d4-e7c2-4e78-972e-56e78fac3995"", ""name"": ""Chris Isaak"", ""sort-name"": ""Isaak, Chris""}}], ""release-group"": {""id"": ""f6f75c7a-f1bb-3b22-ae18-269bf5bd7f47"", ""type-id"": ""f529b476-6e62-324f-b0aa-1f3e33d313fc"", ""primary-type-id"": ""f529b476-6e62-324f-b0aa-1f3e33d313fc"", ""title"": ""Heart Shaped World"", ""primary-type"": ""Album""}, ""date"": """", ""country"": ""CA"", ""release-events"": [{""date"": """", ""area"": {""id"": ""71bbafaa-e825-3e15-8ca9-017dcad1748b"", ""name"": ""Canada"", ""sort-name"": ""Canada"", ""iso-3166-1-codes"": [""CA""]}}], ""track-count"": 11, ""media"": [{""id"": ""b50d8a36-bad5-335e-8b50-14f665bcb62b"", ""position"": 1, ""format"": ""CD"", ""track"": [{""id"": ""46bf4a77-87de-4f56-be0d-3ea882209068"", ""number"": ""5"", ""title"": ""Wicked Game"", ""length"": 289066}], ""track-count"": 11, ""track-offset"": 4}]}, {""id"": ""742a47f5-09d0-44ea-aede-9731c101d515"", ""status-id"": ""4e304316-386d-3409-af2e-78857eec5cfe"", ""artist-credit-id"": ""949a7fd5-fe73-3e8f-922e-01ff4ca958f7"", ""count"": 18, ""title"": ""Ultimate Love Songs Collection: Greatest Love of All"", ""status"": ""Official"", ""artist-credit"": [{""name"": ""Various Artists"", ""artist"": {""id"": ""89ad4ac3-39f7-470e-963a-56509c546377"", ""name"": ""Various Artists"", ""sort-name"": ""Various Artists"", ""disambiguation"": ""add compilations to this artist""}}], ""release-group"": {""id"": ""fdd56d1e-8cc7-4bc7-87da-b32873937482"", ""type-id"": ""dd2a21e1-0c00-3729-a7a0-de60b84eb5d1"", ""primary-type-id"": ""f529b476-6e62-324f-b0aa-1f3e33d313fc"", ""title"": ""Ultimate Love Songs Collection: Greatest Love of All"", ""primary-type"": ""Album"", ""secondary-types"": [""Compilation""], ""secondary-type-ids"": [""dd2a21e1-0c00-3729-a7a0-de60b84eb5d1""]}, ""track-count"": 319, ""media"": [{""id"": ""998077a1-be06-34f0-81c5-9964c2fed7e1"", ""position"": 11, ""format"": ""CD"", ""track"": [{""id"": ""fa36de0e-0410-3a89-b794-407b0f1eb3e4"", ""number"": ""16"", ""title"": ""Wicked Game"", ""length"": 287000}], ""track-count"": 18, ""track-offset"": 15}]}, {""id"": ""448dcd5b-6f46-4972-bc3f-be9ff63e227d"", ""status-id"": ""4e304316-386d-3409-af2e-78857eec5cfe"", ""artist-credit-id"": ""949a7fd5-fe73-3e8f-922e-01ff4ca958f7"", ""count"": 2, ""title"": ""Songs: The Best of the Singer Songwriters"", ""status"": ""Official"", ""artist-credit"": [{""name"": ""Various Artists"", ""artist"": {""id"": ""89ad4ac3-39f7-470e-963a-56509c546377"", ""name"": ""Various Artists"", ""sort-name"": ""Various Artists"", ""disambiguation"": ""add compilations to this artist""}}], ""release-group"": {""id"": ""a0a12f4c-df66-38e3-9d80-ae445ac9ad47"", ""type-id"": ""dd2a21e1-0c00-3729-a7a0-de60b84eb5d1"", ""primary-type-id"": ""f529b476-6e62-324f-b0aa-1f3e33d313fc"", ""title"": ""Songs: The Best of the Singer Songwriters"", ""primary-type"": ""Album"", ""secondary-types"": [""Compilation""], ""secondary-type-ids"": [""dd2a21e1-0c00-3729-a7a0-de60b84eb5d1""]}, ""date"": ""2002"", ""country"": ""DE"", ""release-events"": [{""date"": ""2002"", ""area"": {""id"": ""85752fda-13c4-31a3-bee5-0e5cb1f51dad"", ""name"": ""Germany"", ""sort-name"": ""Germany"", ""iso-3166-1-codes"": [""DE""]}}], ""track-count"": 40, ""media"": [{""id"": ""e1c9acb0-31e6-3835-8a79-2f12e3970bce"", ""position"": 1, ""format"": ""CD"", ""track"": [{""id"": ""a991d402-7837-4153-a87e-e2ee144afa7b"", ""number"": ""7"", ""title"": ""Wicked Game"", ""length"": 288626}], ""track-count"": 20, ""track-offset"": 6}]}, {""id"": ""687af51d-6cf7-461b-880e-1a7e4d7a4e86"", ""status-id"": ""4e304316-386d-3409-af2e-78857eec5cfe"", ""artist-credit-id"": ""949a7fd5-fe73-3e8f-922e-01ff4ca958f7"", ""count"": 10, ""title"": ""Revolutions in Sound: Warner Bros. Records: The First Fifty Years"", ""status"": ""Official"", ""artist-credit"": [{""name"": ""Various Artists"", ""artist"": {""id"": ""89ad4ac3-39f7-470e-963a-56509c546377"", ""name"": ""Various Artists"", ""sort-name"": ""Various Artists"", ""disambiguation"": ""add compilations to this artist""}}], ""release-group"": {""id"": ""c2962081-aa8d-4260-a1fe-476b71c6470a"", ""type-id"": ""dd2a21e1-0c00-3729-a7a0-de60b84eb5d1"", ""primary-type-id"": ""f529b476-6e62-324f-b0aa-1f3e33d313fc"", ""title"": ""Revolutions in Sound: Warner Bros. Records: The First Fifty Years"", ""primary-type"": ""Album"", ""secondary-types"": [""Compilation""], ""secondary-type-ids"": [""dd2a21e1-0c00-3729-a7a0-de60b84eb5d1""]}, ""date"": ""2008-12-09"", ""country"": ""US"", ""release-events"": [{""date"": ""2008-12-09"", ""area"": {""id"": ""489ce91b-6658-3307-9877-795b68554c98"", ""name"": ""United States"", ""sort-name"": ""United States"", ""iso-3166-1-codes"": [""US""]}}], ""track-count"": 199, ""media"": [{""id"": ""2b95485c-8497-3856-b524-e28d0c481af0"", ""position"": 8, ""format"": ""CD"", ""track"": [{""id"": ""fb6ac668-ecf9-3387-a2e9-2de0e12e5e16"", ""number"": ""6"", ""title"": ""Wicked Game"", ""length"": 288080}], ""track-count"": 18, ""track-offset"": 5}]}, {""id"": ""d3b436e3-5c99-4fb2-9680-f97c8e2b03eb"", ""status-id"": ""4e304316-386d-3409-af2e-78857eec5cfe"", ""artist-credit-id"": ""566efeaa-79d3-3900-981c-9a2cf5735d64"", ""count"": 1, ""title"": ""Baby Did a Bad Bad Thing"", ""status"": ""Official"", ""artist-credit"": [{""name"": ""Chris Isaak"", ""artist"": {""id"": ""479497d4-e7c2-4e78-972e-56e78fac3995"", ""name"": ""Chris Isaak"", ""sort-name"": ""Isaak, Chris""}}], ""release-group"": {""id"": ""2444ffcc-229b-3b7a-bc0c-c2937279ed00"", ""type-id"": ""d6038452-8ee0-3f68-affc-2de9a1ede0b9"", ""primary-type-id"": ""d6038452-8ee0-3f68-affc-2de9a1ede0b9"", ""title"": ""Baby Did a Bad Bad Thing"", ""primary-type"": ""Single""}, ""date"": ""1999"", ""country"": ""XE"", ""release-events"": [{""date"": ""1999"", ""area"": {""id"": ""89a675c2-3e37-3518-b83c-418bad59a85a"", ""name"": ""Europe"", ""sort-name"": ""Europe"", ""iso-3166-1-codes"": [""XE""]}}], ""track-count"": 3, ""media"": [{""id"": ""eddfada6-e9ac-3a7a-bc97-4b637363018d"", ""position"": 1, ""format"": ""CD"", ""track"": [{""id"": ""a56b0fdc-b8bb-4f89-993a-5192fbce52a8"", ""number"": ""3"", ""title"": ""Wicked Game"", ""length"": 287000}], ""track-count"": 3, ""track-offset"": 2}]}, {""id"": ""5b6fb9ad-bcf0-4cff-871f-ba45614094d2"", ""status-id"": ""4e304316-386d-3409-af2e-78857eec5cfe"", ""artist-credit-id"": ""949a7fd5-fe73-3e8f-922e-01ff4ca958f7"", ""count"": 2, ""title"": ""Las mejores canciones de cine vol. 2"", ""status"": ""Official"", ""artist-credit"": [{""name"": ""Various Artists"", ""artist"": {""id"": ""89ad4ac3-39f7-470e-963a-56509c546377"", ""name"": ""Various Artists"", ""sort-name"": ""Various Artists"", ""disambiguation"": ""add compilations to this artist""}}], ""release-group"": {""id"": ""8ccf0c18-7331-4141-a951-d8fc37a40399"", ""type-id"": ""dd2a21e1-0c00-3729-a7a0-de60b84eb5d1"", ""primary-type-id"": ""f529b476-6e62-324f-b0aa-1f3e33d313fc"", ""title"": ""Las mejores canciones de cine vol. 2"", ""primary-type"": ""Album"", ""secondary-types"": [""Compilation""], ""secondary-type-ids"": [""dd2a21e1-0c00-3729-a7a0-de60b84eb5d1""]}, ""date"": ""2000"", ""country"": ""GB"", ""release-events"": [{""date"": ""2000"", ""area"": {""id"": ""8a754a16-0027-3a29-b6d7-2b40ea0481ed"", ""name"": ""United Kingdom"", ""sort-name"": ""United Kingdom"", ""iso-3166-1-codes"": [""GB""]}}], ""track-count"": 37, ""media"": [{""id"": ""d8746ed7-773a-3c4f-b2ba-9e6a55609da5"", ""position"": 1, ""format"": ""CD"", ""track"": [{""id"": ""2ef1599e-5814-3cc2-897e-11963ee65887"", ""number"": ""10"", ""title"": ""Wicked Game"", ""length"": 289000}], ""track-count"": 17, ""track-offset"": 9}]}], ""isrcs"": [""USRE19900989"", ""USRE10601455""], ""tags"": [{""count"": 5, ""name"": ""rock""}, {""count"": 2, ""name"": ""pop""}, {""count"": 1, ""name"": ""blues""}, {""count"": 0, ""name"": ""singer-songwriter""}, {""count"": 1, ""name"": ""blues rock""}, {""count"": 1, ""name"": ""americana""}, {""count"": 0, ""name"": ""ballad""}, {""count"": 2, ""name"": ""soft rock""}, {""count"": 1, ""name"": ""adult contemporary""}, {""count"": 1, ""name"": ""dream pop""}, {""count"": 1, ""name"": ""country pop""}, {""count"": 0, ""name"": ""rock and roll""}, {""count"": 1, ""name"": ""alternative country""}, {""count"": 1, ""name"": ""nashville sound""}, {""count"": 1, ""name"": ""slowcore""}, {""count"": 0, ""name"": ""adult alternative rock""}, {""count"": 1, ""name"": ""cosmic country""}]}"
c825517f-5938-4208-8e4a-893bd91a7715,Wicked Game,Chris Isaak,"{""id"": ""c825517f-5938-4208-8e4a-893bd91a7715"", ""score"": 100, ""artist-credit-id"": ""566efeaa-79d3-3900-981c-9a2cf5735d64"", ""title"": ""Wicked Game"", ""length"": 294106, ""disambiguation"": ""live: MTV Unplugged"", ""video"": null, ""artist-credit"": [{""name"": ""Chris Isaak"", ""artist"": {""id"": ""479497d4-e7c2-4e78-972e-56e78fac3995"", ""name"": ""Chris Isaak"", ""sort-name"": ""Isaak, Chris"", ""aliases"": [{""sort-name"": ""\u30af\u30ea\u30b9\u30fb\u30a2\u30a4\u30b6\u30c3\u30af"", ""type-id"": ""894afba6-2816-3c24-8072-eadb66bd04bc"", ""name"": ""\u30af\u30ea\u30b9\u30fb\u30a2\u30a4\u30b6\u30c3\u30af"", ""locale"": ""ja"", ""type"": ""Artist name"", ""primary"": true, ""begin-date"": null, ""end-date"": null}, {""sort-name"": ""Isaak, Christopher Joseph"", ""type-id"": ""d4dcd0c0-b341-3612-a332-c0ce797b25cf"", ""name"": ""Christopher Joseph Isaak"", ""locale"": null, ""type"": ""Legal name"", ""primary"": null, ""begin-date"": null, ""end-date"": null}, {""sort-name"": ""Chris Issak"", ""name"": ""Chris Issak"", ""locale"": null, ""type"": null, ""primary"": null, ""begin-date"": null, ""end-date"": null}, {""sort-name"": ""Chris Isaac"", ""name"": ""Chris Isaac"", ""locale"": null, ""type"": null, ""primary"": null, ""begin-date"": null, ""end-date"": null}]}}], ""first-release-date"": ""2003-02-24"", ""releases"": [{""id"": ""c8cfe5f7-af5a-4316-b19f-5d3bec054190"", ""status-id"": ""4e304316-386d-3409-af2e-78857eec5cfe"", ""artist-credit-id"": ""949a7fd5-fe73-3e8f-922e-01ff4ca958f7"", ""count"": 1, ""title"": ""The Very Best of MTV Unplugged 2"", ""status"": ""Official"", ""artist-credit"": [{""name"": ""Various Artists"", ""artist"": {""id"": ""89ad4ac3-39f7-470e-963a-56509c546377"", ""name"": ""Various Artists"", ""sort-name"": ""Various Artists"", ""disambiguation"": ""add compilations to this artist""}}], ""release-group"": {""id"": ""fc3dc2b2-e0bd-3608-974e-c2151566dc0e"", ""type-id"": ""dd2a21e1-0c00-3729-a7a0-de60b84eb5d1"", ""primary-type-id"": ""f529b476-6e62-324f-b0aa-1f3e33d313fc"", ""title"": ""The Very Best of MTV Unplugged 2"", ""primary-type"": ""Album"", ""secondary-types"": [""Compilation"", ""Live""], ""secondary-type-ids"": [""dd2a21e1-0c00-3729-a7a0-de60b84eb5d1"", ""6fd474e2-6b58-3102-9d17-d6f7eb7da0a0""]}, ""date"": ""2003-02-24"", ""country"": ""GB"", ""release-events"": [{""date"": ""2003-02-24"", ""area"": {""id"": ""8a754a16-0027-3a29-b6d7-2b40ea0481ed"", ""name"": ""United Kingdom"", ""sort-name"": ""United Kingdom"", ""iso-3166-1-codes"": [""GB""]}}], ""track-count"": 16, ""media"": [{""id"": ""21b0d9ee-2dc4-3eea-8249-38754dad841f"", ""position"": 1, ""format"": ""CD"", ""track"": [{""id"": ""12475983-0176-3492-b8b8-fe458ebb74b7"", ""number"": ""2"", ""title"": ""Wicked Game"", ""length"": 294106}], ""track-count"": 16, ""track-offset"": 1}]}, {""id"": ""dd5b641c-8f72-46b6-94a5-b00840b999f0"", ""status-id"": ""1156806e-d06a-38bd-83f0-cf2284a808b9"", ""artist-credit-id"": ""566efeaa-79d3-3900-981c-9a2cf5735d64"", ""count"": 1, ""title"": ""Plugged and Unplugged 1994-95"", ""status"": ""Bootleg"", ""artist-credit"": [{""name"": ""Chris Isaak"", ""artist"": {""id"": ""479497d4-e7c2-4e78-972e-56e78fac3995"", ""name"": ""Chris Isaak"", ""sort-name"": ""Isaak, Chris""}}], ""release-group"": {""id"": ""ddcb035b-33f7-3645-b7c8-9da31e264448"", ""type-id"": ""dd2a21e1-0c00-3729-a7a0-de60b84eb5d1"", ""primary-type-id"": ""f529b476-6e62-324f-b0aa-1f3e33d313fc"", ""title"": ""Plugged and Unplugged 1994-95"", ""primary-type"": ""Album"", ""secondary-types"": [""Compilation""], ""secondary-type-ids"": [""dd2a21e1-0c00-3729-a7a0-de60b84eb5d1""]}, ""track-count"": 21, ""media"": [{""id"": ""7b8fc6a0-fa6e-3720-b99d-a6d2471005fb"", ""position"": 1, ""track"": [{""id"": ""34ed93d8-0314-3759-be2c-5f972dbfc60d"", ""number"": ""5"", ""title"": ""Wicked Game"", ""length"": 294373}], ""track-count"": 21, ""track-offset"": 4}]}, {""id"": ""fa4abd55-0fd8-4efa-95a2-c94a7608cf81"", ""status-id"": ""4e304316-386d-3409-af2e-78857eec5cfe"", ""artist-credit-id"": ""949a7fd5-fe73-3e8f-922e-01ff4ca958f7"", ""count"": 1, ""title"": ""Baladas Unplugged"", ""status"": ""Official"", ""artist-credit"": [{""name"": ""Various Artists"", ""artist"": {""id"": ""89ad4ac3-39f7-470e-963a-56509c546377"", ""name"": ""Various Artists"", ""sort-name"": ""Various Artists"", ""disambiguation"": ""add compilations to this artist""}}], ""release-group"": {""id"": ""5e74ce4f-643b-36bc-ad50-0c9698313cd8"", ""type-id"": ""dd2a21e1-0c00-3729-a7a0-de60b84eb5d1"", ""primary-type-id"": ""f529b476-6e62-324f-b0aa-1f3e33d313fc"", ""title"": ""Baladas Unplugged"", ""primary-type"": ""Album"", ""secondary-types"": [""Compilation""], ""secondary-type-ids"": [""dd2a21e1-0c00-3729-a7a0-de60b84eb5d1""]}, ""track-count"": 16, ""media"": [{""id"": ""907df989-38ab-3cd4-a586-c721fa466171"", ""position"": 1, ""track"": [{""id"": ""ab65f1a6-edec-3de6-85c0-e82bdb2ba2f7"", ""number"": ""7"", ""title"": ""Wicked Game"", ""length"": 293680}], ""track-count"": 16, ""track-offset"": 6}]}], ""tags"": [{""count"": 1, ""name"": ""rock""}, {""count"": 3, ""name"": ""pop""}, {""count"": 1, ""name"": ""singer-songwriter""}, {""count"": 1, ""name"": ""ballad""}, {""count"": 1, ""name"": ""soft rock""}, {""count"": 1, ""name"": ""rock ballad""}]}"
2fc8a9ce-fc79-4cc9-aa90-aed364791c25,Wicked Game,Chris Isaak,"{""id"": ""2fc8a9ce-fc79-4cc9-aa90-aed364791c25"", ""score"": 100, ""artist-credit-id"": ""566efeaa-79d3-3900-981c-9a2cf5735d64"", ""title"": ""Wicked Game"", ""disambiguation"": ""part of a \u201cHey! Wha' Happened?! A Live Club Mix For 2006\u201d DJ\u2010mix"", ""video"": null, ""artist-credit"": [{""name"": ""Chris Isaak"", ""artist"": {""id"": ""479497d4-e7c2-4e78-972e-56e78fac3995"", ""name"": ""Chris Isaak"", ""sort-name"": ""Isaak, Chris"", ""aliases"": [{""sort-name"": ""\u30af\u30ea\u30b9\u30fb\u30a2\u30a4\u30b6\u30c3\u30af"", ""type-id"": ""894afba6-2816-3c24-8072-eadb66bd04bc"", ""name"": ""\u30af\u30ea\u30b9\u30fb\u30a2\u30a4\u30b6\u30c3\u30af"", ""locale"": ""ja"", ""type"": ""Artist name"", ""primary"": true, ""begin-date"": null, ""end-date"": null}, {""sort-name"": ""Isaak, Christopher Joseph"", ""type-id"": ""d4dcd0c0-b341-3612-a332-c0ce797b25cf"", ""name"": ""Christopher Joseph Isaak"", ""locale"": null, ""type"": ""Legal name"", ""primary"": null, ""begin-date"": null, ""end-date"": null}, {""sort-name"": ""Chris Issak"", ""name"": ""Chris Issak"", ""locale"": null, ""type"": null, ""primary"": null, ""begin-date"": null, ""end-date"": null}, {""sort-name"": ""Chris Isaac"", ""name"": ""Chris Isaac"", ""locale"": null, ""type"": null, ""primary"": null, ""begin-date"": null, ""end-date"": null}]}}], ""first-release-date"": ""2006"", ""releases"": [{""id"": ""0a340efe-a220-4515-9faa-d99b7f3f7ced"", ""status-id"": ""518ffc83-5cde-34df-8627-81bff5093d92"", ""artist-credit-id"": ""5b29791a-50ae-3139-a258-621b054d9856"", ""count"": 1, ""title"": ""Hey! Wha\u2019 Happened?! A Live Club Mix for 2006"", ""status"": ""Promotion"", ""artist-credit"": [{""name"": ""DJ Yoda"", ""artist"": {""id"": ""c266a7ab-7b9f-478f-a26d-91c5f8f04c7c"", ""name"": ""DJ Yoda"", ""sort-name"": ""Yoda, DJ""}}], ""release-group"": {""id"": ""44075dd9-c2cd-49da-b788-9a395cf2b847"", ""type-id"": ""dd2a21e1-0c00-3729-a7a0-de60b84eb5d1"", ""primary-type-id"": ""f529b476-6e62-324f-b0aa-1f3e33d313fc"", ""title"": ""Hey! Wha\u2019 Happened?! A Live Club Mix for 2006"", ""primary-type"": ""Album"", ""secondary-types"": [""Compilation"", ""DJ-mix""], ""secondary-type-ids"": [""dd2a21e1-0c00-3729-a7a0-de60b84eb5d1"", ""0d47f47a-3fe5-3d69-ac9d-d566c23968bf""]}, ""date"": ""2006"", ""country"": ""GB"", ""release-events"": [{""date"": ""2006"", ""area"": {""id"": ""8a754a16-0027-3a29-b6d7-2b40ea0481ed"", ""name"": ""United Kingdom"", ""sort-name"": ""United Kingdom"", ""iso-3166-1-codes"": [""GB""]}}], ""track-count"": 37, ""media"": [{""id"": ""25d52d8c-b576-3314-bb72-3cc2816044d8"", ""position"": 1, ""format"": ""CD"", ""track"": [{""id"": ""162ba460-1aa7-4fe3-9fc5-f5db5dccf06c"", ""number"": ""36"", ""title"": ""Wicked Game""}], ""track-count"": 37, ""track-offset"": 35}]}]}"
7238ad8a-e51c-40fc-857c-a9ec1db4273a,Wicked Game,Chris Isaak,"{""id"": ""7238ad8a-e51c-40fc-857c-a9ec1db4273a"", ""score"": 100, ""artist-credit-id"": ""566efeaa-79d3-3900-981c-9a2cf5735d64"", ""title"": ""Wicked Game"", ""length"": 287800, ""video"": null, ""artist-credit"": [{""name"": ""Chris Isaak"", ""artist"": {""id"": ""479497d4-e7c2-4e78-972e-56e78fac3995"", ""name"": ""Chris Isaak"", ""sort-name"": ""Isaak, Chris"", ""aliases"": [{""sort-name"": ""\u30af\u30ea\u30b9\u30fb\u30a2\u30a4\u30b6\u30c3\u30af"", ""type-id"": ""894afba6-2816-3c24-8072-eadb66bd04bc"", ""name"": ""\u30af\u30ea\u30b9\u30fb\u30a2\u30a4\u30b6\u30c3\u30af"", ""locale"": ""ja"", ""type"": ""Artist name"", ""primary"": true, ""begin-date"": null, ""end-date"": null}, {""sort-name"": ""Isaak, Christopher Joseph"", ""type-id"": ""d4dcd0c0-b341-3612-a332-c0ce797b25cf"", ""name"": ""Christopher Joseph Isaak"", ""locale"": null, ""type"": ""Legal name"", ""primary"": null, ""begin-date"": null, ""end-date"": null}, {""sort-name"": ""Chris Issak"", ""name"": ""Chris Issak"", ""locale"": null, ""type"": null, ""primary"": null, ""begin-date"": null, ""end-date"": null}, {""sort-name"": ""Chris Isaac"", ""name"": ""Chris Isaac"", ""locale"": null, ""type"": null, ""primary"": null, ""begin-date"": null, ""end-date"": null}]}}], ""releases"": [{""id"": ""eae7bd3e-b871-4520-bad2-f9045a105eb2"", ""status-id"": ""4e304316-386d-3409-af2e-78857eec5cfe"", ""artist-credit-id"": ""949a7fd5-fe73-3e8f-922e-01ff4ca958f7"", ""count"": 1, ""title"": ""Smash Hits 1"", ""status"": ""Official"", ""artist-credit"": [{""name"": ""Various Artists"", ""artist"": {""id"": ""89ad4ac3-39f7-470e-963a-56509c546377"", ""name"": ""Various Artists"", ""sort-name"": ""Various Artists"", ""disambiguation"": ""add compilations to this artist""}}], ""release-group"": {""id"": ""b818a1b5-62d3-4b25-aefb-18ddecbe01c8"", ""type-id"": ""dd2a21e1-0c00-3729-a7a0-de60b84eb5d1"", ""primary-type-id"": ""f529b476-6e62-324f-b0aa-1f3e33d313fc"", ""title"": ""Smash Hits 1"", ""primary-type"": ""Album"", ""secondary-types"": [""Compilation""], ""secondary-type-ids"": [""dd2a21e1-0c00-3729-a7a0-de60b84eb5d1""]}, ""track-count"": 12, ""media"": [{""id"": ""d02dfa5e-f1bd-41dd-be04-7242f7659334"", ""position"": 1, ""format"": ""CD"", ""track"": [{""id"": ""4f7e8b96-3a2f-4620-a8e2-f9fb1068018c"", ""number"": ""9"", ""title"": ""Wicked Game"", ""length"": 287800}], ""track-count"": 12, ""track-offset"": 8}]}]}"
98e23ca6-8b8e-45b1-8a58-ee303be008e7,Wicked Game,Chris Isaak,"{""id"": ""98e23ca6-8b8e-45b1-8a58-ee303be008e7"", ""score"": 100, ""artist-credit-id"": ""566efeaa-79d3-3900-981c-9a2cf5735d64"", ""title"": ""Wicked Game"", ""video"": null, ""artist-credit"": [{""name"": ""Chris Isaak"", ""artist"": {""id"": ""479497d4-e7c2-4e78-972e-56e78fac3995"", ""name"": ""Chris Isaak"", ""sort-name"": ""Isaak, Chris"", ""aliases"": [{""sort-name"": ""\u30af\u30ea\u30b9\u30fb\u30a2\u30a4\u30b6\u30c3\u30af"", ""type-id"": ""894afba6-2816-3c24-8072-eadb66bd04bc"", ""name"": ""\u30af\u30ea\u30b9\u30fb\u30a2\u30a4\u30b6\u30c3\u30af"", ""locale"": ""ja"", ""type"": ""Artist name"", ""primary"": true, ""begin-date"": null, ""end-date"": null}, {""sort-name"": ""Isaak, Christopher Joseph"", ""type-id"": ""d4dcd0c0-b341-3612-a332-c0ce797b25cf"", ""name"": ""Christopher Joseph Isaak"", ""locale"": null, ""type"": ""Legal name"", ""primary"": null, ""begin-date"": null, ""end-date"": null}, {""sort-name"": ""Chris Issak"", ""name"": ""Chris Issak"", ""locale"": null, ""type"": null, ""primary"": null, ""begin-date"": null, ""end-date"": null}, {""sort-name"": ""Chris Isaac"", ""name"": ""Chris Isaac"", ""locale"": null, ""type"": null, ""primary"": null, ""begin-date"": null, ""end-date"": null}]}}], ""first-release-date"": ""2004"", ""releases"": [{""id"": ""e03dc87c-db89-4c54-a277-aa010ebdea83"", ""status-id"": ""4e304316-386d-3409-af2e-78857eec5cfe"", ""artist-credit-id"": ""b61ed403-b3a2-4b7a-b23f-5de08ecbe8c7"", ""count"": 1, ""title"": ""Sound Stage"", ""status"": ""Official"", ""artist-credit"": [{""joinphrase"": "" & "", ""name"": ""Chris Isaak"", ""artist"": {""id"": ""479497d4-e7c2-4e78-972e-56e78fac3995"", ""name"": ""Chris Isaak"", ""sort-name"": ""Isaak, Chris""}}, {""name"": ""Raul Malo"", ""artist"": {""id"": ""a9ab6062-6a41-4206-aaaa-09eee3ee9126"", ""name"": ""Raul Malo"", ""sort-name"": ""Malo, Raul"", ""disambiguation"": ""The Mavericks lead singer, country music""}}], ""release-group"": {""id"": ""17e6cc49-e100-4157-ac00-70d22b134da2"", ""title"": ""Sound Stage""}, ""date"": ""2004"", ""country"": ""DE"", ""release-events"": [{""date"": ""2004"", ""area"": {""id"": ""85752fda-13c4-31a3-bee5-0e5cb1f51dad"", ""name"": ""Germany"", ""sort-name"": ""Germany"", ""iso-3166-1-codes"": [""DE""]}}], ""track-count"": 13, ""media"": [{""id"": ""e9bcb923-e270-4d88-ba25-b843c4feecce"", ""position"": 1, ""format"": ""DVD-Video"", ""track"": [{""id"": ""7a2c7cea-d1a0-4b44-bf85-61c194bdf191"", ""number"": ""2"", ""title"": ""Wicked Game""}], ""track-count"": 13, ""track-offset"": 1}]}]}"
